id, label
252d840db,67
1c4736dea,28
c37a6f3e9,95
00e4f514e,103
59d1b6146,46
8d808a07b,53
aeb67eefb,52
53cfc6586,48
aaa580243,50
d907ca7c0,49
541c4d41e,73
a98328317,67
dfd946ac8,52
6e644aad3,49
630ba700c,73
6fd484575,67
48c96bd6b,73
c2c5a8cc9,7
2213dd7ad,103
8b2742145,49
0c79ae44d,102
d4ab201b8,90
ffd3661d4,102
e0098a158,103
0c3ae4377,43
98f62f563,69
22149c3fd,67
c3194a1e8,69
7b437ba4e,49
550290aaa,0
edecaff0a,67
111388cb7,71
9fe27bb58,14
ed308c95d,30
9704969a7,4
0ae82a090,75
a31f90373,67
855229539,72
07c0d22bb,102
b7b3939ca,79
1b7aef8e8,79
45a842008,64
37e16acde,75
8f252ecb2,56
c1f18cb5d,49
035f7cb0e,49
0cfc11aec,49
73a3ae7ee,47
0bf251179,73
512aaea7c,75
b4663783a,102
9a4cb2829,4
d6143b4d4,4
acf17fceb,4
054412f7e,55
91db7053a,78
01cf43e0a,80
38cf8682d,4
333beeeb9,48
410639882,82
2dd56f346,0
b57dfb28a,25
4acd9d511,53
cc0db3719,48
2f90dff16,73
91b8321dd,103
1548838d2,48
0542511ad,4
04a7a4f50,7
117aabfd8,29
9fc75b12b,67
5b87d8d4b,43
d5320553f,4
3cf6321ab,103
6066bf3b3,103
66e6f6938,78
8e7173502,0
84fc77fbd,103
5ac870ba2,8
3f3977d40,73
5b0a35493,73
2b5d0e5c2,48
3b66e2c2a,49
885f2eac5,86
e45a81eb4,4
a83db002c,80
584b3a955,67
f028e8401,90
ae62dc8b0,7
c2d849108,73
bb0b9304e,102
5fff5ccb0,14
83714b580,29
b7a8c231f,48
a51b01392,73
f4cd5efa6,69
6074e6638,43
ac0930c4d,103
94d32655a,93
04c9322f3,75
a29fae12a,29
116b7f1b1,67
d97215599,13
6d34e11fc,103
aa070417f,75
f42d2d722,47
0120d37e5,75
42b0abd95,50
1a5872fb5,65
2fafd906d,67
c8bec0f66,4
3341a6efb,72
5eabca233,14
37090107a,45
034ef87a4,67
7c856ad41,75
a256f13ff,14
d69a2d62b,53
8899f1bd1,0
73092f468,67
2a5e80a12,73
41ab6b40a,49
7acc72b45,67
19e239913,43
9950111eb,67
2d0752813,50
416e24d42,13
780f371fd,73
bd8139bb7,4
0d27bbb79,70
5002bff77,53
401b6e0c9,14
5bb0fd4f7,67
ac6d42eca,48
8d8f3ee47,56
5954973f3,67
e7292df85,4
ca82d5eb3,103
0394a004e,75
15409e0d2,82
87020b1ce,102
099a2107d,73
7b825842e,53
473c84ae9,13
a1a2e7691,48
4e5e899bd,53
33a504d5d,87
d31f5a836,16
e345afe29,10
997575057,47
abed810c6,73
2538e0716,67
b61f62d90,53
9924275c7,48
3a1c2ac95,55
d9aa13213,68
fe2bfa700,70
eb86fad74,4
06291a920,75
84b7495d6,79
48f82311a,9
b784d7a07,62
e1e7f8c61,103
a2b499115,70
710a380e2,53
97a7c1e5b,87
72e6235c1,48
8756842ba,73
0435e3c70,13
efa3cd848,48
3231f45f3,53
4c0a72203,49
774e6e2a9,48
03091fb7a,102
f85a5ee9a,103
6115fb1ac,102
92c33e670,67
bf54b2c66,67
1c4bdac93,4
41f6cf7e1,48
3d2ee2570,67
c476f6495,103
7a7fefad9,73
d2b091c3b,73
3da7e8585,78
a2aa2199a,0
6b82e86e7,0
3cc7863f5,4
8d5494b6f,53
89c87633a,91
28f90d5f0,79
b1041fc0d,29
6ef2473d3,13
954d0fe63,14
2a0dc41cd,73
8e412c7e5,49
2d3ea8986,103
5c2b3adde,71
6557acff6,75
4fb5992b3,39
32b46db46,71
b51c9863e,43
760068096,91
6c6ba5d80,75
73ff3946d,73
8d53d2814,103
9f6708c0b,53
a69c80256,48
e5f6dbca4,48
0fc91f469,53
dd20b2594,62
abfe5bd86,99
1a96992d9,67
03c9840a9,30
19e95658b,93
2b347b559,57
2bf06cd03,75
f5b855bb6,67
4b4291637,73
2b313ee7c,102
083ee0c99,5
c8aa236c5,49
35cb5e3c3,87
aedab5dc5,74
28fa2b3c8,36
a8a8b4261,74
50ee680eb,4
33f20f40b,4
5b3c21bc7,102
1ee5a55be,9
3b89f294f,50
344a190fa,103
49ebce8a6,71
5f0542bfc,9
9d56168f2,51
12c738d87,75
369693f04,69
65d1f9b28,69
11b0ea314,12
45c6bef70,73
336577848,103
22f63c29b,103
32aa8548d,78
77f6880d2,102
6aaaa29e5,53
1d149bccd,13
a0e86b0b1,21
2841a62a6,57
c099603ac,14
359625cf3,40
a19256173,49
c251cfdb5,75
e9b9e8a26,49
ce71e2dfe,75
7c30e1a81,49
e5b0c4faf,53
01c633ff1,74
0ac2378b9,80
50bb7de2d,4
ed127c922,73
b9b1f27a7,73
05a947c38,73
36c344ab5,67
c2915a59d,49
aedb03983,82
94db73148,40
9b1b30062,103
052d2dde2,67
23253eaed,83
cf95485eb,102
d4ae8d14a,47
44e4c1b98,67
5413350ec,56
fb56bcd7d,73
22eaa8132,49
9c2f4d9ba,75
49b260995,57
56e5b72fb,49
246798d36,67
524961d31,75
eb64f3c3f,94
46ccb6bd3,67
6485b01ac,4
b5422eec0,73
282dca22f,48
39e216b40,67
2b782bb3f,79
58c271df1,103
fac9307e4,79
5b8579555,74
9679190dd,70
b2b7e722d,73
b2a655d89,49
ec09668c7,12
78f6357bc,50
e5a6a39de,4
6cadad337,14
c4081a31e,4
6939eb499,13
4c1b8a5c3,4
1f36484d7,49
c145a87d1,67
eea83069a,67
f83e299b4,67
c0a83f8bf,13
d09afd3b0,102
e5ee0be59,10
eb4dbb060,83
13fdfe24d,7
20b97d483,75
400b2bbda,48
62ea468a3,94
d6a792c0d,40
54493a1bd,49
f7f45e1d2,40
bbaef0141,0
1f2eca93a,30
7302be7da,47
ce53cea31,72
f88592f94,29
7de7343c3,93
4de97f685,59
edbf64b0b,73
6e3c0fddd,49
d828c217b,77
558548e53,67
1932af102,46
01555bed7,49
2b5f79660,67
10dee0305,5
8459de1be,87
dbeef740d,81
0679c1097,67
0a9e05e74,83
e40a71ec4,103
0e0caa0a2,68
353bf092d,75
a0277cf50,97
8a566296b,49
b1296679d,75
1a2e45581,56
2a7c1dbf3,4
4e792387e,24
c82e8a869,4
653443f38,73
36f02d6c2,93
a97dcebf1,4
ad9a77e7d,49
793a50bcd,103
58dc520a5,13
234f9781c,49
2a0404164,103
eda20ddee,14
8df7f4638,67
7504b36cf,103
50a1849f4,73
0e9e5a0f0,4
35946cce9,103
d5bb1b0c8,16
9e3425ede,4
25db0cefa,71
80c048cf1,103
f4c6d5b0d,68
f0f03b04d,102
2618facbd,72
0124e277f,50
7c8c55147,102
c83f746ac,48
896467495,70
38fdf8c81,80
4250ed062,73
e8c49e13f,57
533d4492a,56
ea7342d9a,75
009b39e15,73
4c4caa583,103
7530384bf,4
dc370d0dd,49
241202d64,72
1a7463151,65
57f357144,93
3052916cc,73
57c754d1c,102
e8612373e,75
5d23a793d,75
f20ae4712,53
c3b24720b,8
39ceb1ff2,94
14ea3ffb9,58
ce5f6dcef,87
ca96ff636,67
44a477145,53
fb9520cef,93
b022bab0f,59
386e40044,14
58ff8f465,49
49e871eee,103
165766e9b,10
b4aa13520,102
146463828,13
c4c802142,49
c144ae440,4
5a68d7893,8
6cd161345,4
a8740586a,4
202a8996e,77
a8331323f,67
d9f3637bf,13
7371defc6,43
ad2e27bb5,9
72337a91e,103
99be4bfbc,71
26b8d61ab,49
f8221646b,46
b4d954bdc,80
7dbc5a9f3,103
20a48922b,73
e2cb25f6e,67
754cd2605,49
41beb5c12,0
18ca651a1,74
689a0fbd7,75
94cf9944d,73
c0f55d16e,0
3dee899f2,88
2e3fc37e5,47
d97f377fe,102
410d24f09,73
f0ca69363,102
485a5ca01,21
f3e315051,46
e0c7c20d8,83
2adebc1b3,18
7827a1d5b,45
3e0dee547,48
d6694bd34,72
3085e18eb,80
4f037af7f,49
5e802f360,83
707ccc2fb,73
d6a1ca6e7,21
6291210cd,0
6bcb5a502,20
13330e605,55
74f238044,4
c2a426d70,24
72c2a5cb0,26
0db15a736,102
c67446d52,94
358e5478e,4
301054988,49
3e4825fb2,74
e00aa2535,4
26a9dc162,102
82df3c1b6,45
206b27d1a,4
27a95ef27,48
07550addf,7
ad34c1f34,64
60711fbc1,55
5b313549c,88
744730d4a,13
bb0e5dbe4,29
d4610121f,45
dbe581aa8,8
e3e51f37a,102
4cbdaf60c,75
97f545d6b,73
b1f3717dc,86
a8f945820,53
5633f1101,4
68f48e5f5,103
6182a0538,67
1c1daa6da,53
78f5768d9,49
88d1747a0,46
09ddc01cb,67
21b24a7fd,12
7fd945d34,47
600bcfc2b,73
f789af170,50
c127de43c,4
5da2bfc47,73
8a89d3315,52
0ec8c4296,48
68caf79b9,75
2d0fa50dd,75
0d0202522,75
f7f17ae72,4
abd425a9c,101
5a543e058,49
299e1957c,48
461f4f5b2,59
df723f46d,77
e14129a0d,60
5a2fb5300,0
f0b002c23,103
29bd0c56d,83
457ef8195,67
be82bd09f,4
78d30a479,78
d53eb8a52,52
5762da038,20
c9c069119,79
852b5fb74,13
240684145,49
b94381f7b,103
d9004decd,47
6fcd677ac,13
81aae2d9e,102
a7046c744,72
7273b1c6e,67
624d36ae0,95
72b3fdfe8,67
7d2cabb96,103
8f215711b,103
b2d489e27,69
33fd32684,49
8a7b93f64,75
46002f8b4,103
007d156b7,81
a9b1f63d0,0
85934f1fd,102
8d6c7ae91,73
377b22380,96
777ef8066,67
8523c7858,4
f29fbbe61,73
c6492c817,67
0d9ca96d7,48
02040055f,73
61da47774,102
fb4b0daa2,18
218676c6c,90
7b9220d4c,73
c2bc296b9,73
e826a5f20,102
bd9cf6b4e,4
6d789c449,103
a80f444a2,73
f4672d1aa,80
8a4293e72,4
b5860475f,37
94693762f,14
d97675b32,0
cb297624d,91
6823dfca4,103
2e4395110,75
f90aea0fd,95
fb8d27d87,80
17ec6d74f,82
e1177c121,53
64a27fd4c,72
06ebbb560,0
3b197ec5c,102
15c5a0a46,46
dc2cac36b,29
ed219c7f8,103
0cb8a264e,4
24be941cd,24
715ed2e29,82
c9cb86f46,82
4fd5cd91f,22
657464c72,103
31323febb,93
b364e8688,70
01337a0cf,73
ed8f1770c,8
0d5f19588,102
7271d34ab,1
6ff58f465,93
5a5e8deec,73
2688859c7,73
df5a78c3d,67
08a1c14db,48
56f6e9dca,67
bff69770d,73
65ad58f26,73
e95f725f6,67
ef761a150,25
084919197,67
408fc944b,36
f5ce3d423,102
0523c9801,67
4df899e46,52
3149540a2,73
b4405e586,67
264d83a6c,4
df89c0568,46
1d73dffbc,67
b1d61c023,4
4bf7df629,14
3b39970a2,95
3271ed094,68
7fdb7247e,73
d60582d88,79
977a23c97,102
274009fa1,40
319a4d6d7,49
9a302252a,91
eb0a53a24,13
1fda84008,103
cf1ad8706,67
67ec88f39,76
c71b3e27d,103
fd2bd5f1e,103
1c92e2b89,7
ad82b1ba6,67
a038cdfb1,67
45162353e,75
2d611a037,39
6b227f122,30
4f06ca2cd,67
492cb82ee,91
e44a6c4d1,50
8d8da7a3e,102
9c54f2285,67
ea8dfdeb3,67
6abf7f144,14
a6dbbc248,47
e774787e4,57
58a01b39d,7
5b3739564,76
d2b357573,43
392d70bc1,14
da83fb069,75
e1b63aee0,29
0401b69cc,76
854ca7f47,13
fab2df372,73
135359fe2,29
c78e06bc9,67
723403f38,73
cab155898,46
98ecbe0b3,75
4e6d9fad8,75
4e686a694,76
501117624,48
fbbd35173,49
0c8b4c597,13
87b9d4bb4,67
07ce81250,57
b319ff6ce,98
7a0cfe114,49
535695fe2,62
f9618eb56,73
497a53f79,103
6a414839c,28
e646d3124,67
27eb5a7ee,18
178290233,13
bfd66b238,73
5bc1ab931,63
99c05f8d5,56
3496823c5,4
534b7cc36,75
2f0b8155a,50
042c90107,74
62a410cbb,67
6f4179bbe,79
b57f67883,4
8cb3a6ba1,4
a8a7882c3,102
22324cd72,102
8e612d36a,103
2ad78f9c2,48
906121480,52
f41d18e37,73
74bb3e711,73
93100914a,4
161a7d556,102
9dcdd11ed,75
650d157b1,75
05dc093b8,79
08271595e,81
7077a94ce,67
37997c432,49
4565dbe4c,57
40bf06f20,4
0053fa6c4,103
14ad22971,71
1c435d13c,4
f2586d647,103
57cd097ae,73
2cccd8e5e,48
5ced5d4a8,0
b14b95e77,0
220b46a44,103
6f2bccdac,72
91b98c869,69
87a338501,43
9aa0562f3,103
956392eb6,73
60a51b6b7,49
a622a8c05,83
98dba17d5,10
014bc73f0,29
4c9f8b6cb,73
eefdd0431,67
9843c53a6,50
b25179fca,49
31dae2136,73
624d13949,86
a86d3684a,74
360538bb1,73
42ce82871,48
7a90903de,73
049402ee8,10
c0f132f35,102
ab218ac50,53
061e6510e,67
04a9517b0,73
308dc8750,64
60ba7e522,102
67714a8d8,67
63de51e03,70
c49cb046d,73
1951c5fbe,103
337c0f7d7,65
7457a241f,62
5f15c8bd6,13
2deaeb284,67
a7d9f1cdf,103
7e512d140,5
f437c8815,82
95a6fdac6,50
4d761f97e,30
ef0ffb5dc,67
c3c4ea291,67
08516fa85,74
05e218a53,43
2b95366a8,0
e237880ca,67
4181595b9,57
9935f0510,79
c34f2139f,74
48490759b,103
45e6036ff,53
4994522d9,53
b3d9e6b6c,4
a4541b8d1,103
f41acf49a,73
62822763a,67
9debacefe,73
7fdb2b868,57
6f509e3dd,45
4a2dd1c8f,73
b8e0b2ee2,49
96f729725,50
101970f4e,53
a5988f75e,53
07283a3e1,103
e0b80caf4,90
b840c68bc,103
1c4a00029,53
05c9fcf03,53
1d73e26e9,88
656cc827c,73
683ad13b4,75
0bfb74564,80
f97785498,22
ab99925c9,53
cb3ffeb02,4
c429543bc,80
ee2886544,53
bd2e8c9b0,103
92e7e630f,11
700fe6ff1,103
7b1773554,73
75001ddea,56
333b45bf1,67
8cf4b952c,73
fe737e3b1,43
2184fa6f2,8
b9231d9bd,73
f3d6a27d5,80
d0570b30f,73
71aafc964,53
4fe65e8ba,49
470697d01,53
38c7f43d6,90
011d32580,7
7e3809573,102
b15603bdf,4
7bc968caf,91
9a2fc15d3,13
795083f79,4
6a881ec8b,48
2d8c06a3a,0
2861b1d79,58
30e9b5b6a,71
bce577229,102
ed4b21055,13
35396fb82,30
9d9654afd,13
4b781211f,70
00f9d0e97,29
71a787fb9,28
5cd55d54a,0
35bb514f0,14
ce06ee7c4,72
b63ea2bf3,79
358530103,67
577a972a4,67
f07838a9e,78
0b9841d58,53
ee652c6dc,49
1b0d7769d,79
ca9f22cc1,56
a2f66236c,102
05a32258d,49
02e2f1ca6,102
6f845c04e,4
a3d606459,13
cac40db60,36
940485a6a,75
c4c78dc65,103
daa970cd3,67
9643a628b,4
dc7a50dab,77
5940f63c4,13
c615baaa2,7
bea75c9d9,49
45271b9c5,73
2c69b633a,49
c33ac1a9e,67
a0faa7276,75
905ed2774,103
797ae6066,50
0a159c5f5,75
ebc4dfd8f,67
ee559b5b0,7
7f7c6d039,4
ac7c6ce37,12
4955fcb53,73
3dba2c4ed,22
e3ce14f38,48
26bfb56fa,53
87de4333d,53
9804741b6,53
a13beee25,25
63655033a,62
5f813832d,4
698eea745,48
adca067b9,103
664e5c977,67
f2d476916,45
5b45e7a4c,73
d0bb3317d,36
5745b1abc,73
a9c8ee568,67
5536e05ee,73
00ff2c720,73
cc9db3d3f,49
2a0eb44d2,91
4171d3272,91
0df8316cc,67
c1c4b2105,48
778c53136,30
d4ac640c0,67
0de25d05e,90
9e31cbe3b,67
2461915f8,102
0551c57d5,62
dcdf04ae1,67
3aafc89b3,68
07b2fe99c,53
dfc4c6de0,72
5a0aa798c,70
60c40b083,49
494e86d83,67
d3be0d35d,88
3c87fdc0f,53
05ad9d40c,4
c164f8571,82
c27d7bff9,73
7a552ca1c,62
7aa990232,24
c293ccc31,73
e2480f460,10
f616c93fb,103
d9111ad4b,75
d5628d4df,8
6ab138316,4
3eee745a9,48
4cb8ab033,60
77a43b493,67
288510b49,73
a7857a9be,53
33948db2d,103
54cebd37f,68
d1b715fc8,4
d90cad151,0
1d8f28be5,103
e96b3436b,103
bca706d7b,50
28bab70cd,94
86f4d84a8,73
d325e5d76,14
d185711fc,49
5a74ce4ab,45
51c386b65,10
23a1a3753,45
78be4d100,14
d9a8f22b3,49
68b41d014,53
5a33b53eb,49
d4f750507,74
10950efeb,67
69239f8e7,13
5b8f09d2d,14
45c11697c,79
63d16d8d7,73
5d0017929,91
de847e487,53
f2702f681,103
bf679c82f,9
c9e27d0e3,49
e1bcbc106,73
14a69e3ad,9
a473f26bc,103
46656822b,73
124e119b4,13
c2300272e,103
13c92db23,0
f2d41d6c3,13
e576b00a5,48
08263abdb,75
cdedc9d47,72
75eca83b3,103
4d14ae692,48
667c3c161,53
d37745aae,46
4daec49fc,103
7dce481dd,4
1b6242f80,9
c832cf426,73
e08032ac1,103
71ee25b79,48
5892ebde8,36
40ebc99bd,4
f0efb6c04,73
f95b41656,40
a84815a9f,67
bd6862590,4
49f972c08,75
4d0ffe92c,50
757541c30,7
24aae97eb,53
99c14d554,103
ab0af1000,46
8f01b1034,50
8c434769b,0
654ee7e46,46
edad0d3ee,75
839922a66,53
a6c8a28d6,67
123a13515,67
4925bf95f,70
270611007,64
587e44cea,73
c2d8b52f0,49
cd15074d2,0
0c705e746,81
8507d1b5e,78
4c4c216fb,46
a0b262e40,102
374c54182,64
4b648670f,4
afe1e4f66,73
b8bc9b3b2,73
a22110e6d,48
f1177451e,47
cb697da69,10
e730f38fa,48
ade6312b1,4
26c144947,102
e7571886a,4
5c1b0f7ce,4
746f3dd2b,74
d1993c898,67
39e73d88c,94
98033c300,102
776fe6e63,80
81cabee91,7
7db72601e,67
eb5ed44cb,64
50f72bf43,103
5de25f69a,73
d814f470b,53
1f7554862,13
2fc266682,5
f6820c410,91
30e68f7e7,43
8988c222e,4
e32696dd7,14
87a93b8d6,49
af5e2bbd4,45
3bccc9014,73
4bf799dba,74
ca1cef6bb,29
4ac812558,49
4bd6a1f9a,103
fb2b2e956,71
68b3481c2,80
345f66bc8,13
aca9ab734,75
8c6fd0ec8,102
ccf2ec80c,67
18d41400e,13
bb0b0e551,57
fe0e1d7c2,72
ecf4c1f5a,75
6c269a2b9,67
df88a9d81,73
b64ae4e8c,81
fc8af9bd9,82
b0c7165ba,73
6d984df89,48
207684fb9,0
ac937c18b,49
a3160e2c1,73
fe6991e3d,48
71525c500,103
7a5dfb158,94
00856dfa9,73
e60d19647,79
b2684281f,103
894954440,87
720920606,90
472c84cce,13
6a63a8764,73
09ebedf6a,72
e3c7bb70c,68
4b7b43b7a,80
58ff9dbee,67
6c9aa2460,81
f0a66df4c,75
7d6a2ef07,26
2178a407e,72
d94097494,73
33096a299,4
321437b6c,103
42b92a427,63
b7af85f6e,4
be2773579,14
1aa8492a8,53
27ba808dd,4
0cea1df9c,67
3987e3d8c,75
5a80d4beb,7
5a00bf031,29
ff5892e0a,67
4383d6782,50
c7b1fd88a,14
396d20b5d,74
0c548045a,25
5bae6010f,13
b39cc3832,9
a5c3359e5,0
377c89e04,59
a6e627c10,103
eed32e9a6,77
903ae9a2b,43
5d3cac88b,75
f353716f8,72
d2277f8e6,14
059ea5059,12
54cd18535,102
5464a7e4b,95
450d37a38,95
548a35991,53
9ba782fba,48
967c6bf80,13
653ee9b0b,4
8a48a97f2,76
288d4365e,72
bc8917394,94
282419eda,67
9a513b251,36
2d8716e8b,4
8a693ad10,1
de261e169,4
eda07476f,77
4dde25dfa,7
73f18defc,49
36a261537,9
e5bc365d0,73
7b1267e49,49
cd053695f,94
3505d54bf,49
f421c6ffc,73
e611f94be,4
965dfff6a,57
1baa33eaf,80
0d3269c35,4
89f46bec2,103
7b566ed00,69
8cc1fc2f6,86
69e822cce,53
a1cce28af,57
132ebe116,0
0a73725b6,73
f096291b7,67
f80c8bbf5,24
af4873fe3,76
a6db0754e,13
36a638215,40
4078e0b39,74
9e9f2f914,4
6b132a6ca,48
2772dab8f,4
3224015a6,67
8afe59d10,10
5b1892dfb,73
0e6cad3b3,45
9e07d0aad,22
329d815e5,93
11300f71f,49
5bcf739c3,70
4948e3ecd,102
d16d34784,67
14453eb64,88
f0c153cfd,29
5771f876a,49
fb223c3be,73
1984a614c,43
dbff9bca9,77
a73af3677,102
1d1f028b2,87
13166036e,102
e1a0d5f24,79
b33fe8ed7,4
9732ad4dc,26
347c449c8,79
e722a8f86,28
fd34d7c8b,4
3f315b0cc,103
3db6ed179,87
1f3e62b48,21
74973ce69,7
0d989f57f,72
eeeb6b66a,45
6afc9ee54,48
6cbca5559,43
3cbacf373,75
38331a6e7,102
9ce1a30b6,67
d169dad5d,73
de882d4e8,75
9824cd034,48
1394e9ef2,103
79686d60a,4
26a59215c,14
4dbc5fc3c,103
a16bdddf1,49
1b54ef9a0,103
bbc846996,103
398744450,50
dbff359cb,75
150643baf,67
7d9caf815,95
cefe64b4f,36
e9564dc47,0
348bfc268,0
598a1c3d9,72
46290bd98,13
c07cac3dd,4
f2809517f,102
4b4d2a0b9,72
768bf1fe7,93
1fe3921d9,103
fa53d140b,74
400353bac,103
408b2d234,46
996a4ac53,49
842297200,12
e3efeee68,72
092187ff7,53
dde25205a,4
65d14bd99,103
9faca65ce,50
20e16a0b1,78
4f49753d3,73
bc199fa70,79
65ad21fda,103
22cef13f0,73
29026b0a6,94
d2a45014c,4
88f6fd6e4,4
75ef86e19,10
20aea9077,79
7be2867e1,0
2b7cf3253,75
7247cc6b3,75
1cb8e917f,67
8e1e85931,76
2c009b580,45
171d91683,83
bed5e7833,36
31fd82f08,103
ce17d08ea,82
9d8d14332,80
54c0482ce,50
ae6e725ee,79
648d6e1c9,49
c36c6ab5a,67
58ede4d43,46
6009ca42c,0
8daf31854,45
486ddc6d6,75
22adafc7d,67
14be34092,16
61f976a63,77
3a29db605,99
73d138dbe,28
3b59b7879,76
65d4e9994,73
5ba637a6f,73
2c4213574,24
69dcb9a3b,67
f61465618,79
9d624affc,45
8816f311a,102
36be47274,64
c0654d4f5,53
27391414f,103
54f09b0b4,13
0510cce3f,103
6ab2a7198,80
e41a75354,70
d83b8cc1f,67
111223138,95
003882deb,9
faa0dd647,76
8b8836103,45
95f9e2bd3,13
462e25ba9,67
9e4d41ad4,102
0315a723c,53
eb09ff6cb,7
55b323b0c,4
1b4beb2ee,79
861f2c9c1,75
3469925a7,0
e8746af68,49
db65aac8a,10
abf7ceca6,4
f80b1c8c1,75
fae67c6fb,24
50fcaf0ed,45
6f03f9497,103
da2d31c98,4
4dfdf7a8c,75
3d7e6922e,71
e94327a54,73
4b8fe9f3f,72
8f9a206cd,74
1b3705cfe,4
a8b29edd7,75
c8f0b4717,77
bcbb5c787,103
7eaff7aff,102
be3873f5d,67
b137658ab,4
0f25f79f8,75
e3beb7e77,14
15ec03f5e,102
fb41fa092,22
e72d6bcc9,67
d43d8c9d8,82
5d06b5c76,73
8b11c130a,49
692cfa850,50
8b15247f7,49
2f460d807,4
2cf137648,75
4a5d43a96,49
473db5fc1,102
e1d159561,93
b3b55322c,73
c162978be,49
9942a5424,67
2b8f0ac5d,103
5e0da2b1f,67
a67c5bc5b,53
7b151e3d1,73
bbf51ba25,49
0d7c08885,50
0087eeefc,89
4fd8099de,102
eda9f61b8,103
0d8d7ecde,49
ec40512de,28
eee191638,95
d8076fc39,75
4c742de40,67
57ca642dd,102
25faa6813,43
1eb8876a9,78
f3a75828c,75
c1ed4ef6e,103
706729fd6,50
15ca2c59d,81
ed55919e7,88
53c6c23b1,67
824eae734,70
e8993867e,49
1f937e111,79
07aad3ba6,64
e210dc4ed,75
5078ff4b8,102
ed91bd814,48
ed601a04f,13
bd612f053,103
649dd8ff0,102
600f01e91,67
813efb8b3,103
f5c310736,103
d3ba42b8a,4
7dcf1e590,56
0bb9c3f30,75
f56efef52,49
bcde05c42,73
7a6ba7fc8,77
a68584f39,103
707178bf0,86
808071b96,75
0e3f76f4b,53
c8c88493b,93
6e7b8fa3b,18
72b64a25f,84
0d9e342f6,43
a66f7bbc6,4
43975ba66,67
ddd367d19,4
5b646246a,43
298cf5bb5,48
d123bd691,36
cb26ab8e1,79
28dd39f92,13
0b8824c7a,24
ae78a372a,48
5c8d0266e,82
08b4c02fe,67
f7ad645eb,103
d69c942d9,11
f36c00407,4
fe75697b0,4
dc0f9b59d,49
a40c5b66d,48
c1c26f4ec,53
d0cc62751,48
5228fb3fa,43
7223d356c,73
240e151af,67
b65acd50b,14
a8b46288f,102
092be0405,102
d51f2e142,45
a7eb19305,73
9caf3507d,82
0bc95b595,4
f557afe91,80
d5c5cde4d,93
7eba030d5,74
7ae791f04,88
eaa6a3f7f,103
5e5acfa07,79
6233d3e01,76
98077910f,91
abcdf9705,49
20563ebbc,67
7b7cce651,49
1fa3035ed,79
840f3bd46,74
931cd1858,53
27e7900b8,67
6550b53ba,43
1ca8e07c2,50
fd7cd952e,69
55a2149cb,47
23620cfdf,80
d1b0f75fc,18
9c1fca4fe,0
35aa8898b,91
973172c57,102
0d0b4631c,73
33d008671,67
a167a159e,50
d9bc877f9,103
22cecb30b,4
075602d66,75
6e7629a9b,81
1446df348,73
50f97c747,102
0a825b67a,49
f40dffb83,65
d55497abb,49
8c7c3dbb2,4
9ec91d6b5,4
789f0394a,50
bf4c39972,4
3510270ee,73
fb61eca01,102
5235c6c53,50
4ed9720ea,53
b8e1080ce,67
cac4474ff,24
edc3e9332,46
f98f94bac,51
9de211ea5,9
e8636b839,49
d19fb376e,82
4a14dd513,67
ac79edae6,23
e67454090,49
9c73592f0,67
3127f8637,67
77f19a3b9,80
30d9b6204,49
74c97189e,75
1beb08caf,67
0b1605a22,47
cb8786391,4
5e56f69f6,72
04e0d362e,49
a05c1a9e2,93
32c22cba6,80
29a02c757,63
345b6fc68,70
a9a93e3a0,102
cb4330abd,78
6baede1f3,83
a1e81894c,67
a853842c0,57
4d0d04ec2,49
adad9bef9,91
ef68e319a,4
a6ec0a798,53
2ae7f866e,53
9aea1d3b4,49
20079ffd6,103
8d729fb61,28
2acaabdf6,4
6f50f7647,73
98320c076,75
582dd5eb1,73
688759258,67
f01658320,4
bc45792c0,103
4aea86d3c,67
c8349d602,49
2ae85b034,53
7fc99345f,98
fb745f800,53
d0bd30dd2,50
dfd66382a,75
268c2e415,82
3655fe917,73
275952360,73
6d8ba2cf9,55
0dac4246a,49
dda771b4a,53
c82045295,12
2ad779d27,4
05bd91dd4,103
16e29883d,102
8a904fdea,73
39090147b,88
bc62cedd8,14
aff590876,47
478fd662e,49
2a9af9154,75
958e9761b,48
9fe8be4ac,75
416b038b2,67
e3b9acc43,64
d3ccdf536,14
192bbbbda,73
8eff39ec2,4
39c56af7c,62
b796fe951,49
c8ff3649a,77
27178e6d0,77
7db7456c8,8
eed18198c,21
b80ea5db7,47
d702d0c15,14
3a01c3e88,50
4e43a75b1,0
a114ff305,74
f68529efb,4
a6105941f,73
52178db26,25
487fc089f,87
7c3e5c00d,75
006afe0ef,67
5f22d82a2,58
cca529347,75
19b1f6ed1,82
a9f3ec5aa,49
ea72034f5,53
c38884c9c,22
74cb419cb,53
35faa30eb,88
f2a97a3bf,67
88f935ebe,73
645e0448d,4
93efa8927,67
0208143a9,53
a235500d0,75
1559449c3,73
868f3ca31,52
c86b6ee78,28
2afecec3c,73
d5e4303b9,7
ca875ed6d,4
1344e985d,102
89085d10b,7
5e5672257,29
a425fc6a7,48
7d825a631,102
012f05d4c,67
5ccc5c940,73
ca2cc5375,88
4f02105f5,103
297d94118,73
165ca8a81,59
74c86dc94,75
027ff9d9e,83
3a456593e,45
9fab84e7c,103
bce769fa0,13
b70a1ef51,67
6fd250f15,103
b9a6f2dab,73
5fed86a73,53
352d983b1,5
cb05fa534,0
467a87b6e,67
aa6a116bf,98
6d00d0707,76
8735b4ed7,49
db4a05f64,48
7b63ffb33,49
e6c7eecab,103
4fe780b27,0
26b07058c,102
15442a507,5
fee2ad37f,67
39a628cff,49
e15365337,73
0de5f6578,73
661e5ee1c,103
8d4ecada4,79
9db76cdc8,80
a546be8e9,80
4b69e4daa,53
7ea4fd1e7,75
f563b8f1b,50
02821f581,73
ab473d0fb,11
1ef078208,67
6d75535dd,11
5aeca7ba2,72
87ad47626,73
946f97527,103
6e0843d38,13
22207b7e5,75
5bdd76ad6,103
7ce82e1a4,73
a645ada8e,103
a81b149d6,49
dce29c03a,4
aa063d915,67
1ac744f9f,48
c511b01f1,73
e2ef28251,67
3b6e2c5c2,51
23f960bbc,50
2a5d624ae,67
93e1b1b57,73
4b4223c92,13
485e088fd,49
29d710a29,103
39902d722,102
75bb87271,73
b41fe0aae,50
d2dc27a1c,73
e8a5b6337,103
8fc8e6925,50
539e41e9d,67
8b4182aa1,67
be2c310d5,93
27753debd,4
1153cf999,103
77628c813,67
c571990d4,16
c6baa2b95,55
40c67cca4,47
c16dd6692,43
90db97153,103
aec05dfaf,67
92d56d30f,30
8e96d5481,85
1770a3955,103
e00cdee28,53
cb1fa5404,49
e87c94e9b,41
76c56dda7,103
b466a17e8,16
0f58c281a,48
c36b30d62,49
0a5f90dd1,48
f8d2fe6e2,52
ddb84d9ab,46
2ce2f09d3,4
52592a2ab,14
5a5fbb94d,43
505515f6b,49
94c53b0c3,102
149d11de6,53
828abe04c,13
48b580700,67
a8c934e35,4
41eb38ad4,59
b5ac11272,88
4c4a8848a,8
a6672b875,29
4e3b3b3cd,75
18e22af9d,49
9fe3b171a,80
8ca2371d5,4
138275e36,4
d18ee118e,94
b1fd7a2a2,62
c39bb3b9f,47
339153138,53
5bd9a3483,60
ae5333fa6,70
140c059f2,102
a3fdd2210,50
334118e8f,0
0a399baa5,4
c8b1673ca,67
6a22f0ccf,76
a9a679316,46
0fd1b5059,67
8f029f975,67
b507ebc7c,73
92025e489,80
c624f43f9,102
5eb156e33,103
6326ba8d9,72
8e70982a4,93
42dc18525,67
7c2f23622,7
9b8caede3,4
742ca771a,73
3088361cd,53
6aa4095a3,59
40daf3243,14
9360afb8b,102
c77c99cfa,49
16c7a397f,48
d007caae7,91
79a025018,50
43ccfd5e2,67
bfcedb4e7,59
564305f6f,4
d77fa0d2f,67
1749a6a95,4
6201345ad,102
3e7922328,13
1e91a06c4,53
b9fb3d0cb,29
e958b63e2,65
657a2302f,67
67e65b379,72
8a361b630,73
1d1b18d38,69
c337a455d,4
75d3452c1,7
dd7f0f72d,36
b4f324422,4
bbce1172c,67
ae2864464,73
8b85ecabc,73
f8eb6ec7c,79
046b83571,4
29040ce6b,4
51f6d891d,0
474219bf8,4
084527620,76
3b8fc5371,53
e0f242a92,29
2e36d4f93,49
100c6474a,43
350c32674,60
9db94c1aa,79
423c62bbd,75
4e3f96c83,4
d39e4ad87,103
6c7e15c23,47
bfb86b915,0
e178e1fbb,67
24261e7f3,49
e9a190503,72
0f340c3cf,79
83a004123,49
b7ff1634e,49
4d41db87f,14
6d2e2b6a2,75
2212d47f2,62
9f447b11f,75
43b2ec735,75
d503d72f3,91
504495975,49
7bba13923,75
c2a78ef27,48
ce7f9e0a0,8
c63f5d38c,73
5a4014213,45
2bf69c9a8,93
2bc5a1d42,67
4181451b5,40
657d7b6d3,75
ab54ef65b,7
347f41bd1,0
6c80cfb8c,67
791899b46,68
832bbc430,4
ba9e2d304,52
61d566521,14
e1f45be9f,14
5857637b3,75
a11918aa3,53
6c52831b1,67
0bd70c4ae,94
925f36b79,48
d493e1205,67
aab3a2289,74
6841f21d2,103
501396f2e,62
b4eb26098,103
e4e16eb70,103
bce37c882,13
978697ad4,103
92c92500a,10
c081f5b7f,45
f6f0e3d49,53
0787857e3,60
4f855f8ce,73
557117401,73
ec53bc088,74
79bf0f076,73
23b33fd15,103
967133383,61
9c477d377,75
c9e727ec7,18
007455d6a,11
3aff0dc0d,4
ba763e4ad,102
f49141ac9,11
53cf1033d,102
3daf5597b,73
999be9923,53
1c8c53577,0
aeb2bab6c,87
54454ed83,43
976379adf,4
fc4e90060,102
acd61abf2,77
d08fafe17,76
2367b5056,53
0e1fdb95a,49
a7f1fb92f,67
ca53ebc3c,67
bcb73b724,30
0210ba20b,46
9eea9316b,67
1aebb60d1,48
93f493575,48
4ce9bc001,53
9b3779536,80
ef26ad662,12
cf192fc6a,48
a7088bd2f,75
0dffe81ea,50
87fde6edd,22
24032b382,90
5ff71b40e,13
7c1a6e1f0,72
c3ecbced7,75
719aed16d,91
a8bf527dd,80
1157fe26d,72
761340c6d,73
e8c36457a,87
cd4179139,4
5e2692d15,73
bda7820cb,49
eaddf667a,103
f458034d1,50
7775f87f5,72
3bfb94587,4
8924dae8a,53
3db5a2d90,102
c7827133b,50
5ec4acbb4,75
1c5a3287d,73
d375ebc76,49
c7ab8e645,53
ca8726968,102
d9af9a571,48
973cdaffe,5
ab8add1c1,72
ddbf2eac2,49
16e7f18d3,79
d98cbb36f,73
b390e248d,93
d98e07837,72
db9c84b18,103
79cde037e,103
1fb27e305,94
bcd08a7dc,82
fdf659ef5,75
cfe74bfdf,50
7d7b3950b,103
cbbe148a1,93
34baaa6cb,101
85aeffc62,4
cebf5375e,74
da3a23d4c,49
93e296cef,35
5d426c1bf,48
53cd52d9a,4
a5ae66568,67
a939e29d9,103
49f2ca2d6,13
ac114952e,71
29d87bc0c,5
509741eb1,67
c3d03598b,24
fc354c0c0,79
dcab7fc67,94
a11b09e07,82
a025436a1,5
867374cad,73
49add67af,80
df16e4771,11
a77db045e,67
455c7b67d,50
605131c3a,73
67810173a,25
155727e57,73
35372e4f4,75
0c288213f,79
70e87c482,91
91fae734e,103
c357e5a70,58
8a18b9699,73
a078d515d,74
4f756f230,4
d8ca58a4c,36
82dd63dbb,47
f1b4ba5bf,53
aaf781d34,1
d96704410,73
ade9181a5,26
ec53f72bb,33
7560dda12,49
127e61a47,46
b764d3dd7,30
2c8530a58,70
ff02d53d8,73
2a98afbbb,67
f314ed416,0
829bcc49e,94
0bc02eae2,18
19e44b02f,81
3ed70f179,90
2994ca253,73
2b403205a,48
156c0950f,72
9dbd813fd,103
e27e698bf,4
8b2940362,67
5b69d3121,95
50fe6ebcd,0
a810efddc,58
30964e186,4
3c3316506,49
b96a82543,18
82a14f17f,48
441472ae6,49
6eeec13c3,73
f4fee0e27,50
ec51d8607,103
7d5a95675,73
c323bee87,28
08a7d77fa,98
16810b3aa,16
80b87cc06,49
87827d39e,57
393b7dc05,48
8559d49e6,87
1ba32dd82,49
5e45c97c9,79
8eb564814,49
3b2fe5739,25
6143c21f2,73
c18fddc3d,48
d445b47b7,78
e6171fa85,49
64327e651,46
ba9fa9f30,49
cde20b1b5,4
9aa2210df,46
49f7cdb45,53
fc3f3fa1f,28
ce934c0dc,14
c16bd5262,73
d34ac237a,50
ee705e49b,52
a97f64861,16
155c1e966,48
1a4dc4b2f,103
dd4899180,103
2f5064517,49
b1adced44,48
c11e44cde,16
04cbe7a50,50
53f3609ad,4
600da56b9,12
3ca06eba6,46
7bed881d2,103
0ac5ebf0e,52
37fdec841,4
771b14071,4
07be81d64,67
e9c5f7cd1,48
35e005ed6,81
278e2fa12,16
df38bb8b2,28
f247862ee,10
532e6c637,53
df4ae0415,67
c9dcff9ef,49
fc4486b5e,103
bc83dd474,13
e96d15acd,50
b6bc88c1f,58
38f6562a3,4
79522023e,40
49f864fe9,79
b56ccfec7,48
f9b3f2991,103
b2d3bbf61,68
8253629c8,49
657a4ea19,46
4500b8a44,75
5134a2245,103
19bcd7864,36
c58d1fe16,72
04da4955d,75
8b423a167,49
702b7fc70,94
577793268,88
5954098e3,67
8098272f9,49
d8136729e,80
8a428ab24,55
8899c2050,13
5ab25460a,14
eda0c70e5,103
b3411ee1d,49
01f76a519,18
d3f044336,53
bada5fd0d,103
e9178e294,67
8261e8f5b,67
49f98b25a,79
d779dbe77,47
23ee9f44b,75
98de1be5f,4
f3c88b910,74
586868059,78
6ebdc31d7,70
4af75b596,75
8cb48a7e4,75
f4f248df9,48
516a450b7,4
e2e8f7c06,80
a155b0167,4
a6ff6f81a,59
266776fdd,53
5629fc992,94
8c0995d82,7
96b039170,21
4de9ab35b,68
36c06efe6,75
7e58b251b,8
86935b0d7,49
536842c4b,67
cb3bdf3e7,82
ff5fdbd84,67
d0989eec5,4
89e7620ff,48
7f9351c2d,49
401730197,4
8d9185540,102
12eb5dc94,4
e8a6ceac5,51
2f8b40852,71
137107106,75
f93b17627,13
8ab8cb727,12
330cc9d05,24
af6ccfeca,91
3a49d5a25,4
4ddf168de,73
7046567c4,77
70c95a76c,67
ed7123e07,102
187ba6ef0,103
925de0d45,94
8fa0abb21,75
5233ee8fe,45
31750199b,67
b59846a6c,13
517ed388b,67
25a24e8b6,61
d31117d38,103
f94013d99,80
2d17418c3,74
db735ff57,18
8f4a554f2,4
fe1615399,86
cc599caf1,4
5d17abe47,74
1f21ecd18,4
500cf0ed3,4
8e07336d7,49
1474acef0,73
5c5a534e3,29
9881c6363,48
37885d3c0,13
b26f33224,0
67a25ece3,93
b80695478,75
a8e11ba37,75
0905820a2,67
58dbde095,24
a7bb097c3,14
53cc94634,42
2080c5234,50
2623d36fe,67
641ae8aa0,4
0dd4bac89,47
213cea039,76
b187b258b,36
c90a12d27,7
ba9e184b1,67
b5fdbbd19,96
2ee9ba725,103
522ea009b,75
656c8e1a0,80
f4db33d12,48
d0ee253f0,67
2313d0e1c,45
b78fc427d,67
381bc1702,102
d8f9c9f6f,49
1e71b66ad,53
8701aa4ff,75
74a2503cd,67
ab254cf0a,73
c3bf03c46,73
600693e8f,71
39f2c9f4a,75
906ed5d8d,10
bdccd8d94,53
38235ae21,49
e20191edf,24
007258826,49
d376c4365,55
d45c77b42,47
60372c4bb,75
ddaef039b,73
7db900a9f,90
18b1c8787,71
f6f80e6cd,73
5d4d774bb,49
7bfaa6c93,83
8da1e9ab2,73
0501292e5,74
ece8721cd,53
4bc167a81,4
f1e56842d,98
6d822303c,14
7d540187a,75
51d6b9846,102
7af25ae57,102
0d5832dd0,45
8b4b27e9e,48
ba2d603c3,73
9167143fd,103
114c7355e,0
61e0f377c,67
988f93442,30
1eabd5622,9
01863f6d7,49
1d24f052a,50
8c0e403af,103
a9eaae137,94
696a13525,53
dcf4672c6,67
46ef787fb,72
bd4976820,4
29a77c458,49
69c63b4fd,67
7cb07f8df,79
fbae2fb1a,49
17f8af701,68
a670f0c43,4
da0fc52e5,73
c548502c7,49
232ad11f4,72
ae2b1bed4,75
ccc54a4f5,53
8e59ed760,103
ab5f64570,13
ff264d2db,76
5acae87e6,0
230302d1d,56
fb87ee5a3,46
7e517b238,22
3758eaf1d,21
4415b68f2,80
16f9971d1,48
56bb538b2,1
ee83eaa8f,88
ce028c60d,46
bf4bc1677,73
8dbbf9d19,75
7fccc20cd,103
530bde853,73
4d4c87a41,79
4d05e9395,73
9fe09edeb,71
ce434f86b,67
8fc000b1f,67
1837b91e3,73
7eb7812ba,4
c5fdb2459,49
cd88f6d4a,49
3af4c8105,103
6d233727e,11
563c9008d,50
1fea6253b,73
7683668d8,16
f83823a7e,73
b2662c86e,73
6cf44ae8e,75
48fb56f39,48
afcddfdcd,4
c1c3919f0,13
00d32bef1,4
4a9f824f6,67
c3432750a,4
0fedbbf5f,4
0fc65150e,73
6896dbe36,75
f16b7e08b,9
ddc1eacff,0
f8db20c1f,73
bd1dbe4ca,49
c6cd3ac47,75
359c8a8bf,50
7e8b191e8,4
bfd311430,75
b1066d5b5,65
151b27a24,67
48b84677d,67
5153e1522,13
f3e1244ca,46
83bb94c90,50
aa4f36f71,77
48b37a43a,4
136b3c7b2,57
288772300,49
14e124c03,4
8e55f2268,77
a324dcaed,29
4479d35f0,73
0fea673a3,52
66d3a82e2,103
a4841f6e7,0
015a601e3,73
54296cd42,88
1336ca52d,10
f2aefc6cf,93
8fbcbbcb5,4
79c1a3d97,73
9f4b942ff,49
f8da03f7a,75
3a1396fa3,73
41a1ca700,79
15ef197c6,43
0e3a60b3f,48
4cf4ac658,82
ee41c42cc,68
99776d4df,4
eb7854187,69
dc53769ad,95
5eb9825ce,93
146fc86a4,75
035e7fa21,68
8ecdad441,83
4374d5272,77
5c6e09f5b,13
bca2de14e,61
3a9ac1cd1,49
551f3af3f,102
661307d74,49
39e40cdd6,4
30e522542,0
8eb64dc4d,0
fec3fbd0f,67
4f21ae7b6,49
fc85dadd3,67
92ec435fc,75
c17b6ab8f,67
bba2d82cc,80
9f5dfd81d,94
a673ada99,53
35311eba4,91
ce136eb7d,0
4b6dff5e4,91
afa3fc6ce,91
60d83cd0c,29
4e99c537e,103
3856fdbd7,75
d28273036,48
27dc84ff6,0
02eea69ff,53
6016dd857,67
6aefb94a6,73
a8ba067d1,77
857250508,50
34589c202,103
f0de6586c,67
a249400b4,4
0bc95f66e,72
186a8ff9c,4
a31e545e0,4
f3300dab1,103
909ea73fd,95
6896b5c5a,73
99263d818,50
8fa8ee1c5,21
372ad684a,28
9b40a0513,102
e240c69a0,102
1989da31f,4
dede702d8,22
e78504c82,48
5cc2f95e9,90
8d4c9f88e,75
a7c42fdb2,49
b6203cd3a,49
efe50806b,67
d39b5658a,49
d0b1e24e9,72
df3b6edcf,47
459ef45ac,73
957f42d35,75
79ec6e32a,37
132212f11,75
f534d4ae1,76
c67858398,14
92c7c2838,7
143e26686,73
9d77e8b46,74
546744090,49
8260f8641,102
9f392cb03,75
e25ca1054,4
9dfcbdf18,49
ae804f35b,75
19f37512d,67
e4ba02634,0
182c9e6ef,73
d32d6ccd9,75
fd33b68d1,4
57fb229ad,75
370c2501b,0
dfb7f1e61,82
539a14033,13
ed0be72ef,10
6fbdee8bb,75
79335a465,103
59d5309a8,80
187b49cc5,102
5d58d5dfe,68
47134493d,46
22bca0aa8,73
8872018f5,4
ac1156cb1,73
b034c82ce,80
380c9c318,32
5b15fd082,50
638d987cd,16
3e629f05f,72
5fdf59f6f,30
8a4dedc87,69
b2982bed5,103
7dab12862,73
d539aadae,29
7f8e636bd,60
89bce4769,9
e635de77c,103
63bcdd5bd,4
4646117ab,12
6f40daa0e,49
c128b1e28,29
2198f8dae,49
9f80990ad,103
7864cabe3,4
a893581c4,9
ad153ca7d,75
bf711d50c,56
d982b80ea,0
4bbb6638f,29
8212b672a,13
83302ca82,53
4c184156f,67
fee53d77a,73
6a6ad6ad3,49
e87044bc2,12
03a46c116,102
9c0cad204,53
7182235fe,67
db49060ae,75
5398f55f4,73
a08ff3c7d,39
b8741ea9b,73
6a3e093a7,102
80c9bb328,103
82fdce8f2,7
fe843e592,93
75753e7b1,47
8ccadcb08,68
501e378f3,79
6fb943b8a,103
5aab08428,67
65bd3368a,79
be953b60e,13
9b442480c,103
03333ea62,70
da00cc5f6,67
189976301,67
e44ef0f10,49
3433a69c3,67
5453d7402,4
ccb9b5cc7,102
c61f34131,102
07184caac,72
bf85f6b58,0
f50873a8c,10
050bb1262,49
0b3c9e1a9,14
9b28c9ce7,74
f84be6387,4
5e4a5b406,28
a39a47b84,103
c5b5ecb0d,48
2b08a162a,102
c95269a6c,48
694b396d4,13
502aa0fed,103
960fe3fd2,48
e66879b66,14
ec68ef123,48
2d0832480,4
792982c6c,67
a575e3bf7,83
1d808a2d1,91
762c5e25b,75
d49030919,67
e43587721,48
c987ff810,68
06bfec1b7,4
1162b2c5f,73
4bb5dba59,0
0faa6c65f,75
7d107974a,50
4ff518045,67
fb60964fd,73
aba2f346f,95
2b9959134,83
20dbff58b,77
053198ea7,75
01ce7d2df,28
b2a96e09a,13
a134c5401,73
1432b2d26,49
59372c831,4
e68f95550,75
db53bafc8,56
23f8fc3d9,62
5a3dafc67,73
0698ae8e2,73
2f230552c,67
5a330e7b3,87
37525f380,13
9e7060f60,77
f6610b1d4,73
d0e47da08,73
f60ba81cc,82
6b7f80246,36
77b8cd935,70
05c992976,14
532eacbec,95
72589c9b2,14
7ad932a97,36
5622bbc0c,47
304631d59,53
632b5d37e,67
c84ce54d5,79
bed3cd944,74
7d58bbc35,103
7e61b7ed2,49
2ddbb0f83,80
ae016f27f,49
5ed06cc85,13
35b896087,67
341538182,12
009216487,48
61fab76c9,4
230b4a95d,43
4641d6c81,73
2cf6e6419,87
04fdbddd7,79
743a39958,53
0993a96fb,45
926ed805c,7
ac3ed3cb8,67
0bb20e5d8,53
2f75192e2,52
346d6fc1c,73
bda439192,50
2b1ceb24c,67
c43ae531d,103
ee23e898a,103
a7bff7fab,67
88735317f,46
72d1bf434,13
20b4cff1d,10
8a5e6e01a,7
df76ddfcc,67
4fb19aefd,82
2669b2dde,75
4ba73aa49,4
3da1159fc,73
7f5d5cb8f,49
a5d301249,74
729ac5e06,4
57a59f1ae,68
c3222a379,59
a12ca9636,90
b7ad7d574,103
059ee98dd,73
8b0aa3f7a,45
11bc7f078,48
85312fab3,67
567e64f51,16
3ad3208cd,95
3294a097e,46
08c71ca8f,10
155fda1aa,4
498c0b419,73
2e78d7d23,24
439c8664a,80
34f820893,73
c425cd871,59
46d095eda,103
e696c6605,13
e43b134a9,59
d5b91872e,68
d23336d37,79
5a11b89db,73
26d9a1072,48
78b988645,43
5b9abdbc8,75
9d8d9607d,102
abf65b6e6,90
85f3749ca,4
c964a7aa9,49
2f1f2d1d0,102
270665eaa,67
9c1ca344c,80
dd88fcaa1,53
9a863b9ee,103
ffed2a555,65
fdc6bab48,48
ce6096353,65
07565a412,1
1bf635fcd,103
23a39f766,73
7db868b36,49
dc405fd04,102
5245d1288,70
95e3375ca,4
6a1f788d6,14
58ffca855,73
0ed9ee6bb,67
1f411d101,103
f1c7db9eb,75
6f3f4d188,67
f38eac7db,67
08d076fb7,75
92da88798,102
8fd2c007f,14
7afcf9660,4
44d707daf,14
64f0cfc26,47
8de4ec677,102
887fb3ff6,103
ec07ab0f1,73
28462ed13,14
8b0062584,43
cda807af3,13
03536aa93,53
1ac65f43b,47
817ab4ca5,83
9a1d5df73,103
bb5a3fd92,7
f00ba69b7,13
aa016ddfe,4
dd33d59f9,13
111581957,9
e69b66458,102
fdf7c8fe5,49
34d736b06,4
8e6d1a140,73
924218498,53
ad62f8d41,53
b8fd3b2f7,75
e16606faf,59
87a37b4cd,47
58879de83,69
679f13cfe,53
4bf1812c6,67
7b89cf590,103
7da20ceb0,62
ada310267,13
ea16b16c6,61
beb9f80e6,75
8664c38e5,21
c80ef2e31,80
3239f2f66,67
2d54b796a,102
366fd6686,67
8a8fae985,72
57af706df,45
93b754b97,67
f1495d941,67
8ed239a08,53
f468cfed1,67
bd4f8c863,49
a12ed8ec5,71
98bb92c1e,14
052e7f031,67
087d3bbf0,13
081ee9650,29
9d375712a,55
97b3e2eb1,16
894696267,67
038c1315b,67
1f750d4e6,53
1a5e9517f,90
ba49d2dda,79
d1292ab63,102
eba77622f,30
6a1a8e17d,68
8776e1949,49
fda794abb,67
6366d7061,42
4f87dd5ae,67
5d1259367,93
1d51372a8,73
a63f52d9e,48
6318d6cfc,103
8e92c9811,81
f2419f856,4
e2e96c56a,87
55c59324a,4
d14a0c9d2,4
314dd31b2,75
c85a1d564,49
2af4172c7,4
b9ff3b500,88
0f40f447a,7
6f88cabe1,80
6b3b8d49b,57
6aa485643,103
ed0b0e088,102
e3c6e720d,14
40b3c6e51,67
6d7138997,68
4630fb885,103
1b4a28bcb,49
0aaa84d90,0
ebb1d9137,102
6f0d8372e,50
d9924befc,59
b07bb0c22,67
4ffc57a98,102
d829aea86,49
fd704758e,50
24ca41300,67
aeefaa66b,97
547815be0,45
fb5b6c2e7,75
f69023f40,103
855c94fc9,73
9199afd98,12
9a1e64ece,102
9ebc88cdc,47
e2c4e9c91,67
2bf04d18b,71
961163819,103
a430b437c,67
6a8422b82,103
dd4cb3fbf,67
9419289bd,67
b57f26c3b,73
ac73af09f,1
334df9a32,13
99caeeea3,68
ae8e8b50a,49
934072bf5,53
aa6a6c73d,67
945155e8b,49
ac32140ca,73
10bd19c33,69
7eb988267,73
c1390c263,53
9cffa1c67,88
b8ff15213,103
e758b0185,13
8f8ba278f,102
bb88f386b,53
08bee6dbf,93
3665f35e2,48
75a50917b,48
9de01514f,47
24ee77db7,48
8693ef6b1,5
2ea467d26,73
4ea0a3352,4
9a33c631b,4
de8fd4020,93
630d3e7b9,4
9e46889f9,102
d5400cc1e,103
02378eeef,50
b106e1623,90
50a98363f,79
afa2ae498,9
cb59a4824,67
55dff9997,75
5567bcd26,49
bd3bf8f16,72
470847079,76
4165e5bec,5
9677be74b,67
ce824d546,76
537f040bd,4
70f9d13b9,103
33b3a9955,4
1d8ca740a,17
7f3e45975,49
4a349dc90,47
90956475c,50
91a2ba8ab,73
f2ef2873a,73
0354bcfbb,67
2c0fac807,67
c1f89f237,49
640bd467f,103
597beba89,73
ec357f612,4
68039396c,75
31ad8f4ab,102
35c0567f1,0
7afc693b8,98
d92df455f,102
5628f5deb,48
209b4da16,4
19d5edc51,4
5f4162c42,0
8f2f9d451,45
6449727d1,50
1f631a7a8,79
fe3642b3d,48
fa19200be,13
b7ad587a2,75
c1435ebc0,4
280b71230,49
af7eab8ce,50
85e1dd858,73
9a2fe7b99,67
e8226fb9c,4
07f10b39f,70
54a1667e9,21
b95364dd0,13
adacbebc1,79
8571d6622,45
25079853b,48
534764190,67
8fc79c991,49
a8ae0ccc3,4
157be3bb4,4
f4c3dcb09,103
7edbf1ca8,73
0721c0bc0,53
51e3f656c,48
69040ec2c,48
0dda08338,67
cc4399647,103
ee9242d3c,77
18ad828b7,69
3aa210981,73
75906e681,64
cc99ce5cc,103
bc707c021,86
9a9255c3d,14
e9483b3b2,73
625ea352f,79
03edb6308,71
ca19d9909,80
872eafd2e,75
6daf9a7d6,102
ee578c08e,103
dd33bfef9,72
bad8d3e9f,53
10acd2f2c,73
b8fbf9eca,52
1c88f1550,67
db04d5ac6,103
dba16733f,102
94269c190,73
78d30851d,72
a9cb1cf8a,49
b7a815e07,74
c63427eb2,49
69e5888fb,73
730d2b0f4,67
ce6b9b704,4
012e26395,73
9617ba69c,73
9fc9b533d,67
e70be746d,67
2c6c478d1,67
1f8e21c54,49
6575f6563,73
27d271279,4
04758b7d2,73
9090142e8,72
2476c4270,49
367f31c9f,73
9e006b3d6,75
c010973b8,14
bea291a1b,67
0556575d8,91
b09f6318c,91
5e6e5030a,67
e2fdce920,4
1a25cc01e,49
0aebb315e,74
d7c938976,73
0aeacb28f,4
10c508f77,73
1e8175d27,48
46017b3ea,4
88d492231,0
9e7a1bca6,70
f18412796,0
8bcc6b0a2,73
5d3d71c05,14
0c076890a,103
6c8eb5daa,49
143b75258,91
6d260c2c4,73
60e8a1d83,74
56317c242,73
d14901985,4
f99cc22d6,0
3b58e0b0b,14
7c23c9246,70
e42b8cc4b,59
807ae65c5,47
a20b98b33,49
5e2f03974,82
6ef97d18a,76
42f3a0c03,13
f553000bb,49
5f3773437,59
5eb03fbd3,67
019df649f,4
cffa0410e,53
ba635bb61,9
aab7f897d,75
0875c4f20,73
78c58095d,4
8e681fe39,102
7abf68943,67
2382c277f,75
39df767ca,68
645e6c963,64
57ff5b255,0
7fcbcdc02,5
8d1bc9b54,18
d228d4fca,102
03f8a7638,49
61d0998a4,48
cdfa5a4b8,75
d314c03fd,4
bdf131dae,59
a13259e0d,46
b5a739d1d,67
afc49f312,0
abe2e74a6,49
f9acd27a7,4
749b744a4,4
b0bde1b03,45
0313b9d4d,81
4746340a1,75
3f5c2bb22,16
5b3de280c,82
52378ff5a,74
5cc793cd8,74
260517e44,4
af51f29c8,65
ef21b581b,70
e6223db31,7
2cba09f03,70
0a71ab4c3,50
59c2eeeb0,53
cd6748273,73
c3a60c66b,72
95a484b75,67
c9a7eae13,74
e72c5d3a9,73
6601f2903,68
88e754f35,64
fa434878b,67
9be084d41,49
69a3de639,76
2fa4ca1db,47
f9b4d0e4a,12
dd613b9f2,76
82c3b7f7b,10
0094a72e4,4
e2567b48c,50
83f7c30e9,67
0abb8d338,56
1c63f50d1,49
74bcea93f,13
077e33f0c,73
6cc34f6c3,46
8e390cb4a,48
5998b063c,10
d1196d6ef,49
627e5cd5a,79
2e8a14696,53
17118cb89,49
001e13533,80
cdb8be610,4
fcb500296,102
33aacd395,13
233db9b4b,10
a2d5f3e8b,72
2c6e87c72,94
f7da480ea,53
ec6b3bff4,45
18414db75,14
a5a71637f,50
25f594d35,48
978d9e4ce,18
8ba970109,98
b3c636639,103
adadd8f7c,72
fc836e711,13
ea0d2354f,49
6bfc6b8f6,73
1d145016f,0
2957381ac,103
8e66ce122,62
0cd2a25e5,76
c0e0640c6,51
201a74da3,67
f5d022470,55
c5d9914cb,49
3f3280fd7,67
b631d859f,93
07803a6a2,62
61ef56738,71
a05706206,7
c29915daf,4
4fc561f03,53
e0fe7e2d0,40
34302ff94,4
67a3ff9db,82
707760045,93
44fc90316,14
536be8fe7,42
70498b302,102
355abfa16,49
b70f99706,36
e60c3bf54,103
9a3f6c785,74
5cc548c43,67
e7661164a,4
a16eb5fa0,103
af8f1a4cb,80
dfbb8c112,73
ec33a58aa,47
1f65738b8,80
3d199ab7c,0
a0add49a2,13
22be03235,47
7315d2e99,75
edbb2c2f5,48
e2372e47a,73
9f0f27251,102
aad6bc2bb,78
2a8131dc4,18
f2db90ee7,103
85bde49f1,58
afe70f1d8,87
9b353319d,49
b9ba7799e,13
d12204c77,20
404661213,46
9009c7887,80
651a0b6cf,103
097dde704,63
8d4368f5c,0
656a556b0,80
7163520df,67
9040a1e5f,4
72d528c13,103
a9c9495ff,48
3920794fb,18
7777e7e44,103
317d04297,22
0308348b8,14
025c07b54,51
a45f859f5,73
e469820b2,73
8a9b13bef,13
4dc902039,103
5fc2cecce,87
8918114fb,10
55e0035e3,50
813ba4348,13
a9cfe91af,79
9e4e812df,46
441f60624,93
909e04f8d,4
d8749b8dc,80
d81fb8241,102
99d0b77f9,93
04d9215b3,4
6da191d02,53
56a02070d,50
c8c7e71fb,73
7c9f01509,4
fb094c9bc,50
625a9dbf0,73
734fc53fb,53
e1499d78e,14
6b8989275,103
0d4b7df42,71
805f78d97,82
95b5120db,103
abf89f144,73
630773b7f,69
b605cac2f,88
311799a0e,48
a1eee5a29,72
eef64c945,93
eb92d9778,48
785e7d196,49
c54d38d9e,94
f8b20dc7f,48
84b6560ee,25
ecf751fe5,75
7263dccaf,13
057d2b6d4,48
cdbac498f,103
4575d8130,103
88a7e7bcc,103
caa9982e3,69
392d4f5ab,73
4f6762363,0
c08671252,73
eab53f47e,69
ccefc605e,30
a91e7f455,59
9290d73a1,103
9174ed35c,88
b91c00f4b,102
c96b560a3,64
147c34f21,75
64144b5a7,79
51f607616,67
e36cefcc1,46
c548ffbe8,4
6ad636b14,7
c90849e35,75
78ccf47e4,49
bd6ee4ac7,47
9efbbd641,103
9aa3662af,13
8556f75dd,101
ab06cb3c9,1
9d7baffae,4
b6eb04bf0,93
d85f2a17a,4
4fa678f28,83
97a476deb,48
5db83d658,91
0fccb02fa,74
0aa405eec,67
330ca12c5,102
74ee51f2f,67
088b35ed1,67
dba8e8e9b,82
465acfa7f,13
74aaa5e78,5
bd35bb1c3,91
ea41e95b3,93
61486eb05,60
a5566ef23,53
2a459a0aa,94
322b5e989,49
498de5a90,47
cea4d818e,73
464b2b309,53
ecaaa5ac1,49
e1d48d997,49
a2e48b4b8,47
5c54f01e3,80
ef8f495c8,13
329581d4d,80
c6e5bc142,67
dd0839e53,48
f55caa50e,12
3dff55658,75
284bb203a,73
cf9cf9368,73
94bd779c3,53
0ab78aa76,48
6802325de,4
3fbe83f91,53
54dc06c7d,30
b87e16bc0,103
bc08f60aa,49
8904c358d,48
7405dd1d5,53
805d8722f,80
0251a7082,4
6e60eef45,67
6d61341a8,67
bcd277266,103
61547bf69,103
0313e231a,103
b17ebaed0,73
d8437a7f7,43
6a69a6ae1,73
50ff8f2d0,48
cd6fb957b,80
29f49cd83,103
b382faa85,42
5e76ba18f,69
d637980a2,45
8876c6402,13
310f07ff4,49
3aa882bbe,103
1513105d2,103
981396649,49
ae78a484f,0
db86084d1,64
0dc26fe1b,64
b84a40e10,73
0b75f1f48,14
3d9c51d3d,53
a0e82c1b1,75
0cc1eccf5,47
1a0d4b775,4
5255b9b6c,26
b64db46f3,67
85c2ca274,51
71d454f1c,103
da9de3c05,77
b299b2022,67
3cf28a050,79
8c7a3ac06,13
9067fb1fe,35
1b0a08a16,73
f04b99dcf,49
57f7948f4,63
7748f8039,103
bc9873f0c,56
f7019798c,75
2ec1937d2,103
288feaf8f,7
d4c0f8a5a,67
2c9e28482,79
226a4258e,50
a2ca3206f,48
3e1727f79,102
4b9e61e38,28
5ed355568,82
36c544e98,4
cf3bba4c2,101
b738a5ab0,90
5083ce580,4
7d2140905,4
73633e6bf,49
923e37397,67
2013e7b99,10
687997bb5,73
ffe68f250,73
7547be627,49
700cfcbd2,69
875510d5c,67
903d6d1ee,73
931b0b249,94
f7fe0d522,67
786172ac6,49
ffb840ebc,103
d78b3b629,102
13452bf5e,7
3569ab6df,41
cdf877752,53
0aa1d9c98,73
17c8dae41,72
58f68539c,73
0f9da9757,67
d35565c6c,4
d970c4ffc,24
f16b615a7,62
8ec1ab770,103
bfe43d44a,12
d4f431dda,78
c41a4be65,75
519f5b078,75
d2dc32c18,73
a0ea70e97,13
3b79d913d,5
a15f2da3a,75
6fc119103,103
f62c0973f,67
2bc4dc850,72
fa7866999,48
854453303,48
9a9c151f2,4
c779948c7,93
096e3e1fd,87
e283e73fc,67
9372a8558,80
8182d588d,7
2e9790332,18
7725cb554,43
7e8d0ab34,48
97ddeaac9,93
52dc12639,4
a41d29902,103
6c1a05ed1,73
8b23979a5,63
918ea59ba,73
ec9d1154a,74
8a81cba04,48
a51dbb7c5,4
754250691,103
f0727012b,68
070a1abea,49
27f69132b,102
3ae3126c9,67
0d48d68af,73
4cc87897b,73
0476b626a,73
3076e7608,7
f0a786428,0
48d8779bd,94
dfff0c929,76
ee053208c,43
7b53e5791,67
e68152d61,4
65b44f1fd,67
8a5353b56,67
0e538051c,4
ccf5f3de8,102
d02a2fd8f,0
5cdbf8228,14
47ac366b7,73
f9c4254e7,13
77ad23821,94
05071bc4f,93
ce5af8fc3,82
c93150ab0,50
760d22629,79
4191e9966,75
856717f8b,4
9f69713aa,5
5b1353d71,81
b632c0a2e,73
3303a56a6,45
19a795eab,73
96b2a73ec,29
9ddb372cd,74
aaab6a867,75
6bc2469f2,73
49f2b41a5,67
576f07382,86
121fbeff6,75
7a011cb30,103
ce6b42efc,53
adc3d214d,48
bca8bf0d5,13
087a71f75,75
61f237fa5,52
e0a96117b,67
dd9cf65da,0
656851f72,4
b71543e42,48
a67769dd9,103
064d949d6,50
25691eb59,74
fa05f57cd,75
c2d0ff1e1,4
cd20c00da,64
1101a003d,29
b5fd782ee,28
98cd24c97,4
13d3c108e,80
c6c801e09,67
60a40c037,49
56a33cbaa,53
bf195e5c1,48
9b8345ded,103
6bc102ec4,69
6760a8b60,59
6c5cbbdf4,49
aa85a14bc,103
53a05f5ad,49
8925b37f8,50
34cc8d691,30
ff2e1b825,103
498d46ee2,80
de8795ddd,62
9d96a6d82,53
aa9279a0d,103
62d2aaf89,72
1b2d48186,70
a086b2043,12
9d388b6f4,4
b2d9ede68,79
b909b96d7,43
e93da9242,12
22b20a20f,7
666f4d363,48
fb7d17d79,14
42cc20908,67
3ceb3dfc0,88
033c8773d,72
ee2ee5186,73
75c1b1a9f,73
72b388c16,48
74b98cfd0,68
1f42a9439,74
46241640f,67
99b639774,77
353d4bd0e,76
9ea847197,79
8b7a73f76,103
662f45b2d,4
61f07f2d3,48
3dba87b2f,53
51ccfb7c4,82
4347196c6,83
86afbe278,49
af8b9e043,86
c77e635e6,13
8b31b6453,102
7d5d89bf4,56
76809aa23,11
1134b4a4b,102
06c56276e,82
8ad63bcf2,71
e57ba8f31,8
6504eee67,4
57cdc3f59,73
a4a05f743,73
7e25fdd6e,29
0befbdd9e,75
23c567b03,93
f67596886,69
ee2fd195b,103
e21d2982a,102
a599e44b9,67
2984c04e1,67
4b57c7aaa,73
58e9042e0,30
67b85d53e,45
d0661be31,81
bcebc0b3a,49
b05b5e5ed,22
42090e3bb,73
e267693a6,102
15c1eb33a,45
14519334a,79
184b78ad0,67
9015e43c5,103
95f734b2e,53
ab1d26187,21
ecd73311b,0
1c64ecac8,49
18fba1554,46
7484473e0,87
99e7f0526,67
0119427db,17
8515fa3ea,53
5287898d3,75
ae9a70845,73
048fe3ca8,75
040684077,64
3d17ca258,91
36a930b87,80
200cac2fd,49
514b8d03b,80
cffa6d1a4,103
546ea2a87,67
f6c766f77,57
e9fc9a217,47
f1f288bd8,75
eaeacfabd,50
c515db368,48
80d468ca4,103
4ec8b55c7,64
bfd8234f6,102
5e0e038e0,73
abea787cb,75
b811b25c9,103
1f673a775,49
73acd2065,18
64e5e148e,67
4a6513e63,49
73749e7e2,53
a334e573b,101
8d9213283,72
d146e8595,67
42a9682a8,24
794b67c42,67
7300f20e6,40
bb15fd515,4
23052c6f1,72
ca2f4b9ce,4
11f448738,63
3a44b1b54,74
cc3b595bc,70
d59fc6634,91
8dbc94744,64
cf68a6af8,73
ca3dd51e6,48
b9f422445,13
1867b3487,49
ce1019f58,53
ba23c645d,79
096df77da,49
39236fa60,75
f90f6d589,103
57d3813ab,67
c080ec831,45
f441c7185,28
caa580f63,73
2f36a9903,49
167bb4270,28
6a3ce1e4f,49
cc0e98f9c,91
4fe7886e1,50
6ebd051c0,70
dbed4d8d3,49
e9cf75605,75
6e93d8d18,48
e0f2a0864,71
7e6854001,103
431dab6d7,102
2c8b6d457,21
14b62edb7,103
fe80ea2ff,29
d83d3fbab,90
116dfb5a5,55
a6732ac2e,49
25b1a1971,50
30df475fe,103
1037cd266,53
dcb79c93a,73
5fa624040,67
ccbe77cf0,73
a8428cf05,73
37aab2807,4
085ed175a,72
1691d45e6,75
ddfb8f27b,13
4ce386ab0,14
114d128ca,48
ff37e4d13,103
491a37339,16
3232d6f56,4
981687c64,81
fcac5a7e5,87
be9d52ef0,42
455ebacb0,73
6dfa10ee9,36
026d4082b,73
3c98993ff,102
ac28e9c47,76
46f84af18,98
f229ebf45,80
80ec46d31,49
afbdbbf2b,48
71273ba15,75
3df11cf29,49
78a777eeb,35
117551743,102
dbc79f0f4,4
4fdd76274,4
611876e26,73
c19d02d04,67
dd331079f,73
53d90c2cf,77
40fe28512,95
a3c091760,57
8d2997526,7
9c158e3c6,103
88f8cca3a,53
a20b7d9fa,82
0be01212b,95
a2fcedaf7,49
15bbc7306,103
31a7d4530,48
0240a9430,0
20be2b5b5,55
6ecd0b17f,47
9c8dc2ba1,13
352a2c45f,79
db63379e2,87
d8d27a914,4
103a5633a,102
6eefb96f0,40
62e32ec91,0
26cf9ecfe,73
440128919,4
1557e4b6e,102
64c056f47,53
fc7362a16,67
e8978b192,0
5681077fa,49
b5253f91a,47
e95556293,82
35975d1ab,29
7600dbd87,73
ed8c3c3f8,49
06631da4c,75
532160a43,60
fb7984b64,67
ef40d788a,4
1461713ad,13
7f5e3f4d8,74
43ac410fd,79
3776f98a8,75
fd53118ce,77
e6b713626,4
603490d95,67
7dc69b4eb,30
738116e15,102
35c39adf1,40
30b7ec090,98
b260d939d,53
e394b0931,76
8b01cbd62,4
5184d47b8,73
3debf4070,14
69ca9a78b,13
8d6e9cd06,93
d00342c5d,49
b7c137651,64
24526b077,48
2d3c0a80b,103
31a00d007,73
8e90cbc5e,4
058cebd78,49
6c925a18a,50
a0f7fea74,64
0b25964e1,4
5c88d781e,13
bd401fd21,103
21ea59543,73
c4d436848,75
8e07cbf1b,78
49b354ce4,13
de23c5486,75
a2b22b6cf,48
40233a112,73
256e89fc6,82
dfb75caba,102
e7d7fec7d,59
f77e765b4,14
d9cb87ad0,64
f6fe43282,67
07ccfbc89,53
7adb142c5,49
92d8c290d,67
3d814b28f,49
18c42b6b8,4
3b0daf5b9,28
82f95de55,4
d1b3aaf63,103
376134aea,49
acc5f6c4f,75
556f2c5c6,47
ae05e03cd,79
a0c7302d1,87
8d60b7464,49
1327f9bd0,53
2a99b0118,67
67b0d01ea,46
1fb1edaca,103
c2a609ae7,103
25e91d523,78
f10545931,50
0b982469b,49
5f91412c9,1
6485978a5,70
1eba038ad,79
a31b18ea9,48
ac1c8b1a1,9
dabb82074,49
9989acdc6,102
e1da2a9a7,12
fc2199013,7
7894b3f5a,47
891e42a88,52
c46f7eba8,18
ecadeb0a2,75
eaf6fbc84,103
a7caedcb0,73
413305146,75
fc6fa6753,62
4e19a3a2f,65
6a8de3c09,90
6463c47d1,53
a8ec16428,102
acaf761d0,73
cb82723d1,103
9cd8464ef,73
b46f208b1,83
0edbc1625,0
92673a9aa,4
0623719c0,4
09c8ebae3,22
a36120551,48
8fb591dd9,53
fd33eec2e,86
801b2e0b5,102
3625c81e9,75
4c25aa614,75
306cd2f2b,57
2ecf2e9de,67
4a99afdbb,16
8128b8af9,48
8a1f6d193,0
dde8d3397,49
b688ee356,76
301315f25,47
68a81ce4f,18
2c2ffb258,79
5826bc1ee,103
1e3e2da00,18
d4bd9703f,69
6d16c986c,67
f73820e9d,75
8a8eefe09,0
79c5126ce,4
7b46c52c3,73
4156a2861,48
71149a63d,14
841a4bd7b,72
75b41a741,79
48c00c048,70
7bae0ab5e,76
40da3a46b,75
64a00a8a1,67
19466d61e,53
ce6303fec,52
43e458e40,67
92cf1594a,75
3d44a717d,57
a0301d0e5,103
cf1fb187a,67
0feb4e2ef,10
6229791d1,103
9bef7aa96,95
7d5126c94,103
c0ecf5eb5,75
ddb15721b,48
aa560af38,0
66f455e67,72
564564fa1,49
54a9c9512,13
d495d29df,67
6025abd59,95
357b3b1d3,58
2545ad929,42
5ed174c75,4
af181a2a3,10
29d5a8bd5,75
efcc34447,48
9ed2586ca,4
2e1a7e4a8,71
1c946e0a0,24
6821046ee,103
405bb5363,103
a2b4482dc,45
da4c0be52,90
02434c828,102
564a0856d,79
7eb08a18d,73
5d238f402,103
9d3360932,49
a64d32c6a,73
763b49b1c,71
8fdb0b741,50
e291c8794,73
515ccfe7d,13
464b3976a,52
8960bdc5f,82
1711fd57d,4
4f2196c72,79
c76daa7f8,7
2395c9740,49
ae6ab4563,14
a10a0b280,46
738989c7d,67
78c02c2f5,49
d92a98c89,53
57b90f0d7,76
e0a576d7f,10
4ca32d7d8,86
77a6613b2,72
e8d0e382a,90
435326c89,103
6cf4b47c1,76
8afd1d330,79
3d95467fe,88
7d04df1ca,103
3c5f0c3b4,13
6395b130e,13
5c9aadf3b,73
35b66a46d,76
59b2a320d,93
6c3ecb861,14
30f515f27,0
f86503c22,67
1b0684dc7,4
b8f76869d,75
b145790f2,67
9244f8d54,79
2655440a4,4
1ee86a298,48
bdbec7ef5,80
3be948614,7
5dcad39ff,102
34c4cf37e,35
04a069392,75
b0ddbab02,46
8d6118759,48
d8f8bccc5,53
e9a2109c0,53
97808297d,24
62e5874bf,14
a3500e94e,49
be75bee29,47
f6e02f90d,13
d56f1eaf5,67
abddbf3d0,47
dc39aab6e,55
974d0a175,60
02d70ed11,7
4cacbf1fc,75
7593bf7d9,0
337ffc67f,82
755794886,49
411394fae,67
f9096c83a,103
d1a2458d7,67
f1641e325,47
5d796ff7a,67
0713eb9a5,53
f10187efa,56
715656abf,103
e64905c2f,103
09adc5faa,67
dfceb73a0,4
17d0be640,75
ebc612beb,73
21191d2da,73
66df2d548,4
a46582e86,67
dafe76eea,79
0d558f91e,67
74837e719,90
97cf2d9a6,103
269d88554,103
1314201bc,53
99e810fa8,73
b9811a813,96
4e4c57892,4
0dce2cb5c,16
2dc55fb57,4
8b7fbfa1a,0
b882b8bd8,75
bee47a94b,67
8b86c4635,48
4c039d563,103
b108950de,103
787578be9,82
974a99cd3,53
ea072301c,63
ce97c8026,4
a29695033,48
a62dba9de,103
760a844a4,75
97947bb82,53
6bcdb2495,75
2c2f59092,70
50749d154,9
38477b2a2,53
719a12da9,49
07d138d01,77
1f00c0495,67
616bbeb90,4
8fa62ef13,4
26ee00728,87
856a55f6b,103
c72964068,4
6d711f23b,49
4cc12b820,9
6c360b751,49
69dd8b98f,49
4d178a6b4,73
e5eca71e3,0
f337de2b3,73
4b49bfc87,82
6d0419afe,26
e6e68b7da,49
cd503942f,55
38b394064,7
7dea65fa8,50
b3faa4ebc,75
5ff5a39ea,95
bfe670846,95
47c4e4fce,49
141ee85b9,10
1a6b89e31,48
6df282095,4
fac66356f,73
6b3c00c84,29
2103e7549,90
eb66fce7b,102
1c5dacd9f,69
4f7f265b5,79
b3deff050,73
baa258007,75
903a3ee76,45
26f0c457a,53
1c08a7736,72
f38c7346b,75
b74047d71,0
147d79f8a,13
5285b9c84,0
adbd3dcf6,24
88728f169,7
3b6693e00,53
1a33ad4d8,56
73654808f,43
94a7c5ed2,24
60c0ff1b2,22
b765dfa87,73
1971e15b7,53
49c1a8313,73
64dba18d7,0
5675c2ee7,71
2690d9568,4
f8c41bdad,91
5d59f9a69,103
fd0121113,102
6034d93d9,48
3c5103dc0,103
b82ef433b,49
def4dc802,43
eb6dbc774,74
5608c05be,67
11cd8f57a,48
dd8b1aaca,88
bea8158b9,72
4c5a20840,4
33ad24008,103
057cfa1b3,75
43fd926f9,50
11db2e1d4,4
a0affbd33,4
241a96f41,103
0a98a2179,49
465605e5b,65
be75d9856,14
8bb630662,46
c28a33596,73
1a6e886f2,102
63bec561a,48
919aa404b,13
3a9b30bf8,13
e2e81b2c4,75
a195eb3f5,50
41af5743a,64
275fa220b,102
9bb756baf,103
0bdbc4859,48
5382ac6d9,47
e12b35292,58
9e60a5b0b,103
5359b52dc,49
5bddd9a50,67
e557fab37,48
cfdfb9028,67
1cb630a6e,72
8848222b2,80
8716d5221,77
232a50a3a,40
56697962e,4
a0dbd84e8,103
d96c3a358,102
d6ded3726,75
cf86bf7e0,102
7cca3e7ec,4
7859791b2,73
4e7bdb1cb,95
124b3526c,67
c21cd70d4,52
1fed3b30e,67
52c27c7e0,76
fd25ed5d2,93
6cc8bfcf1,8
871699e5b,49
0ce2742b7,68
3b60b5bae,49
3cade7849,14
6c77db7f1,103
8ccdebad5,48
2c8f66cc6,48
1fe1e5c34,94
d06adb15c,48
12b630964,67
47611c7b0,14
ea86d7b46,72
5e01e9489,4
3c22e0a0e,4
f68109bb5,87
b335b5bd7,67
44fb03a32,98
440daa96f,82
ce27113a5,73
df23921b2,67
af8f3cceb,73
1151a0d22,102
daa767533,82
2939aa5df,40
6e045ef23,21
68c50e34a,103
72e6df7f4,49
5cf823995,87
b9eed2baf,82
953076db7,18
49fc70cb5,49
0d69ec15a,65
f822afd0d,46
84412137d,53
6a6689958,73
9eeefb070,57
bcad89a07,103
25b6d41a2,67
d3cdb9655,102
b5e238431,48
5a078c961,94
32d710e55,78
4adcfb275,53
6d7ff30b8,4
f56f35811,49
145628804,52
683e58330,13
22c98bd18,73
f1b2738d0,28
629160ccc,67
ff0e67f2f,48
0a90e5cb9,67
50a98f706,103
1a5d9c089,103
f52f85873,25
8d44b6bfe,79
3dbd32e8f,80
f6dfa3eaa,67
118a60f12,86
a74852f37,67
931e94184,47
664ab3455,21
35d5521e7,73
d1cfb6a0d,28
30e82e694,49
364e07591,86
ed55bdf99,45
85c40deca,4
b3cc561cf,48
8d0b21b05,91
f39ff7ba2,47
af669d8e8,103
6f25bec48,43
5885a2c34,74
cdd700dd9,51
afa405f0a,43
0be370901,4
599d64d01,102
68e8b6b9a,102
1ffdf0d9b,62
fbceab432,10
a0ebf07d0,90
a8338c626,102
42ec55913,55
d28fc9f29,67
c4e7f3aff,52
730cbd08f,73
6fa36a899,87
87f8091d2,102
63eb884ce,50
6db9ae896,67
c52257cf9,73
19248ab83,72
6386c2d78,67
dbb2bf69b,73
96e4b2ef0,74
c9efb9d66,49
857a39495,7
034fca563,103
e8e62aa32,69
ae4b7aec3,4
1ff3a322b,103
d9a466069,103
a794b05cd,103
40cec32ac,102
d17630e6e,48
1cdfd8172,47
2e0bc183b,73
010c5d8fa,49
94d387cd6,53
50ae0bab4,50
5d56a12d9,49
78ceb6218,53
627f0996d,49
ccde3ea45,9
35f0035c1,69
64088707b,30
d1edcd33e,70
f21ab1aa2,4
691acc46f,53
0e675095e,73
1b8a45d4d,94
8d9ce649d,73
6be94f8cf,72
40ded13ea,4
eb2216bf9,0
18ce23111,67
f7696fbde,49
f9c5a4820,67
a19239dbe,103
99f271a51,1
4f5a0a2a6,67
49f22c2e5,49
c8cacb55a,67
f23084f4b,76
3537c6c84,77
d81994ed2,4
1b07b0a53,47
175e8c4fa,43
897a2400b,67
7c734cbb4,77
6a1072588,4
fb93c4c46,18
d70ee220d,5
9ff246fe6,73
b48c962e0,25
9351e7281,56
c11fb922f,18
1375fd010,73
bbad1c1a8,39
d415cf45d,103
e8cb185dd,70
d2e838de1,4
ca256fab6,47
67556ec2a,49
dd103a297,67
34c97f64c,94
481c58d57,47
4f5abe367,13
346182497,49
61ff4902a,69
b6cb0c2b8,75
848c7cfe9,103
ea915b13b,102
a67e861a6,67
967f27ca5,91
1d762bf2b,4
8bc85ca8d,73
f37a76430,73
ee6971d20,73
b9fb466af,102
66cfc023a,8
fe214efde,75
0f6325318,103
d16bd1260,49
ddd24583b,80
285ff0263,48
911ecfaec,69
505472dd2,48
31f2e5155,72
3294f5eb0,24
496eaacf5,67
60e283191,4
0b8333bd9,13
b364a9362,14
03af10094,67
0cec3ad84,28
849e05914,103
6f81b250e,29
0be920d76,52
bfdd4162d,76
c06c7ca88,69
55a7e02a2,67
6bced57ba,4
e053b45c3,67
75e6b445c,24
d4e9355ef,4
462a4b1f1,67
24bc9be2b,90
8ef4a7754,82
7f0c3fad6,4
e82201f68,53
8faa5deef,83
7fc947bde,45
a23d903c3,103
2b7da32fa,0
3b66bda54,4
4abbf6ecd,67
64803f8fa,67
d4350350c,103
708c1099c,75
95e7165a3,14
3fd719b67,12
bdb951b2e,71
07b2feecb,76
14057210c,49
622301a2e,103
904f86ba0,75
adce755bc,73
5febcda99,49
811acf839,49
7472f2db4,87
ceb261e4c,103
2ee5a9066,49
9b49af313,72
af511f5d0,79
08770c1d1,72
b5f49135b,80
58c90fc33,102
bf7b19901,7
0a2e4e1f8,49
8c7950b1e,75
8073355bd,103
f5aa796ed,53
320890eb5,67
a497a8c2c,73
b8c5eeb8b,4
77aa8505f,73
676bac625,69
33332272e,103
08710eaac,49
a7df3f054,53
30da0fe81,11
95c77ab53,73
57a04f0ef,48
4eac8e323,70
2da86b144,80
58a2ab14d,43
c49f75868,102
6569b16eb,76
68596af51,47
bbd3eba7d,103
be7a473f4,10
0afbefa46,72
805a4dfb6,72
e91e87dd4,48
5f66aedb4,67
50c36b121,50
57b85fec4,22
97d3f3707,50
a86983a99,82
4efdca978,75
cfe6b80bf,75
24c202e61,45
49601a7ba,87
41e36fab5,73
8deb17128,4
6ed6b136a,75
972c95932,73
92be2245d,80
7ae85e90f,73
33b9d73b8,4
ada4b9362,57
fec748ff7,49
2b3d7a7da,14
2d64f0901,14
de06ff6f7,73
8935eaabe,103
f1516a306,67
de757dbb0,71
ae8e3af92,29
1a0fb01d4,43
afa55360f,52
f0e91b85a,75
718f47a1b,75
eb83e32a8,73
9a3fa2c38,73
3b7f6b220,103
28b08d407,49
4863d1e67,82
721e72651,50
991108b09,75
96a197cb1,72
d2927e981,4
f116f4ff9,76
ef799e46d,87
43428f900,80
563ee45dc,83
bd8830a6d,73
9d0d80d6d,4
09c2d54ec,56
1c35c04a8,53
7244c8b3b,102
84fc267ba,50
d5cd9674d,14
de4b24dec,87
6f09acc36,73
671c7b595,103
a5c902dab,5
fbfb8db0b,46
7cd4cc27f,8
56f31776d,67
1aefb1a74,4
855c5dccd,4
2c2579451,68
01520f1c3,90
93af01df3,94
2043fd8b7,48
4f4f5f14e,67
563a8d7df,69
fea3b6b40,13
e8bf3b5ec,10
837a91c2e,49
df17daf47,83
89fb3d0d3,87
7c8007f01,48
cafd03a2f,102
a1b220f98,65
d5e054427,46
464ee7908,82
6e3ac91be,49
257de6c9a,10
bcc60f666,7
8e8259669,103
bead374cb,57
c74e100ff,50
dac6805a7,93
7409a08d2,102
11ce56786,29
43f34500d,4
67cb3cf97,43
f0e6a679a,4
8d3aa53aa,67
f05894941,5
c393d0e16,74
8a4c6a3e0,11
2f4a6e151,73
341b65192,93
a85e27a09,51
5689bcc21,67
64a1bdd75,49
d66dec02b,4
dfb5140d1,13
87acecd2a,67
b1845770d,73
2b4be937e,75
8d8c840c4,73
a1dfe6e17,0
a564e4f51,29
e3b70ca71,35
166cc9d99,0
3a19e432f,53
aa5c575fd,67
d01453352,0
132144011,7
3962a6493,48
407b393a9,53
736b7b278,13
0fcde961f,73
39e2183ff,50
8a6ff36a7,73
7668e5204,103
95ca52d65,53
f03697dc0,94
469301bcc,1
c590e76b2,75
f53f2f68b,75
acd745458,73
176afa321,4
2542212f7,79
67cc6b5ab,4
4232febfa,102
52189b48a,49
6fed43511,67
6b8f11ae1,87
7dd683db0,30
96c6c97f9,73
53033eeff,53
67d5e3bf5,70
8d73023b6,48
915159fd1,73
06d517e80,82
26417279a,103
278e6c9fc,28
ebf692344,4
41716e097,49
8198687fe,102
62c459f66,93
7d47fa7ba,67
790eb61fb,67
cd4bca93f,50
9c5095d94,45
d0e1963b1,57
f247352ee,73
904bafc6c,103
51eb14267,103
bb4688502,53
ba782cc48,49
41dddedd7,103
ceaa96cd6,103
5554ae705,49
6309c0fee,53
eef5aa7f3,74
74f0d70ef,75
183896a90,13
a4e32e242,73
597bcc032,37
92d062d8d,73
9cf28dce1,103
706aa9df2,102
22915105d,63
b35d89433,50
6fcfa47b3,4
1adf45393,75
e665e264d,4
dc826db21,11
2873bf12a,4
6a414bfdc,65
a1bd64c5b,73
976e6375e,78
dbc26a259,103
16b341509,46
f0f900bec,93
5ccfc8dea,4
e0df04630,18
d82441a6e,90
a71e2481c,78
2ceabb5ef,53
b63c59f86,49
a405112f8,88
91610e157,13
82aa265b0,103
1a5b47e16,4
1cccba04f,88
5155022aa,73
4a5172bd5,26
8bfb79995,102
786ac2686,98
d9d6e7525,73
750bae291,102
4f8a37fb9,82
5b229190a,51
cbf0f9495,73
44ad68c26,13
7a660b9f6,53
378c2a70e,72
ad82ed1ea,94
55f00c851,90
4191c5547,4
3bd1136ef,75
7d33fa1f7,67
29add8561,0
19c5ba9b6,103
28aef7cc5,103
2a914ceb8,103
bed5ebc31,73
f05946c39,67
a855179f9,93
c25b13b1d,4
d5766b84a,50
ff1935c29,11
27455ebf9,75
0ea98df12,49
00e3084c1,73
39dbd326c,45
c68758b00,49
aa1db9aef,46
ad7707082,53
8e298b272,73
79423d8e8,88
8df2a19b0,62
e611ad6ae,4
c52b1e973,46
9b608697d,14
ee58ae806,67
d91b12e12,73
87a192226,67
b57325fc7,53
0021f0d33,53
4afa6c98e,73
da5d0dbcc,55
532c117fc,87
0be81ab06,72
86dbae006,52
d7a64d386,42
a391d5adc,48
9be9e90cd,48
81d39b116,50
e2a511303,57
9e3ca10fb,67
fcb1d086a,30
704dfd7e8,67
25d63647b,47
a3d0a07a8,73
26844c8f3,73
727d99d68,4
d8bfdb6fe,73
57c0bd843,53
1bb8d0c39,48
9b2c62063,9
afbd78d62,73
d710d0940,73
846099053,93
fcc54c894,73
2858fae7c,48
10e3859fc,53
63c3945db,73
c92cdfeb4,7
c2e2626e4,80
7965e86c9,102
d5198c9f6,103
677dcf9b6,53
bc53d427f,4
b77626f46,73
3912b7506,14
151cd8478,81
fca2f698a,67
939f715cf,53
a94695f27,4
1f1d99593,60
09c208a92,67
f0abbb0a3,81
85d27a16a,53
fc2f9869f,48
2118eb37b,91
ac184d84a,87
e7870e8a8,53
030364f27,14
e416c112a,74
ebc1583ce,49
52eae9528,95
e9c29b67d,48
d7b1f9c1f,67
054de124f,49
9f9578396,78
c38903943,73
cd35b6b36,73
202b90ad1,49
f69a85264,53
f9731b808,53
2bed40346,103
65f299d4d,103
45c144250,75
fb83a0899,87
a7b14afce,4
a98070f17,49
abd803ecf,49
e6c5fe236,48
cee0a6466,13
36568fe64,74
4bef06f11,53
d2e37916f,4
664bad216,4
d47eedb46,71
2d40a8e47,81
cb02dfd8e,70
e7ec33080,14
75607a399,50
b078f662b,67
5817b58d8,53
be5a25da8,48
f1ccc8566,74
eeb2d5691,96
083109f62,48
6cd33c3ac,4
4d5836f7d,0
0543d5d92,103
414fa5cce,73
b12c4cea9,103
caa1dd6ea,50
6ec67346d,14
9d3f09890,13
07f963c50,50
0664c88a1,0
4751e93ad,4
5e84a449b,4
9a411636d,72
721301e6b,8
6f229cb58,4
7327abf40,93
6a2552916,14
c301cdf4a,80
8a5e8c715,67
1c8122f7e,87
24dddb20c,102
e914d195f,4
023520fc4,69
83f820e61,73
c563c699e,73
d9eedd469,48
30b4b7aea,67
1fb45cb2b,24
d5f6e40f7,74
18e4061dc,86
54620ca30,64
e8475ad43,103
d64daa728,75
f638bd582,67
e3069605c,103
a4513ca36,49
873590360,75
9fc4a402d,70
c7cdff2f2,73
9294f2050,7
b043db93b,4
98a3b2209,53
1d9693978,57
6e74639ff,4
706bd2088,103
dd6301145,55
fb3530a46,76
3ffde4543,49
07718a208,73
5172a3da6,71
afdba6c0f,69
46d8e8e19,102
d470e311a,73
876b105eb,73
900f1f50a,4
06acca7ac,73
76b0d0576,72
65ce506a1,71
1aeda3f6e,75
9cd366371,73
88d3afe93,53
9856ba8b9,67
7a538b99e,24
94b493650,53
ad81d29a9,7
b7063973c,53
6adc43d81,79
c50ca0af5,10
887cceb1f,14
6bf4a58b1,67
a2d6fcb7b,62
29fd845c1,13
abd018788,36
3a6847333,82
c1573a6be,73
4884ed7c2,52
79f507d4d,13
acbe731d1,0
1a902c080,102
9e4eb029e,102
157924ece,102
166c6bbf7,72
97de1dee0,49
0395f93d8,94
07e4f36cd,79
0c295f0fe,67
0c76a33ad,46
2406e977f,49
d5b001638,102
7ff8d6f85,48
c32f14d9e,67
8dc5fdc92,67
86f5cdedd,103
b82ecce8e,103
4289422a5,49
950c30887,4
e046fb456,75
e0bf00d7a,67
a388602fe,53
e09c2b70d,35
58379dae0,75
9750fe0c2,4
eb1ac3552,4
e4d72ce27,67
c61564271,5
79901d55e,59
f4feeb150,72
3474e728f,49
8005ccb52,73
dc680460e,88
1fadcbda5,103
994b891a6,53
01163c5e2,86
09bc0c309,102
cef09a713,0
6094552e3,67
c9f640a80,4
9b9381ad6,67
6b4fd7e01,102
21c3d4a53,79
1d6fbd789,64
a7d70c4de,8
dd14b70c4,102
719e9e88d,75
ad3eb529c,49
35e573945,98
bd049d019,102
15cb0c24a,4
3f1a86245,90
d6503fc7a,53
4779122c2,48
a6ef2c9ab,49
5ea36cf54,36
4fe029378,5
f0bdd22d9,73
4f4574478,67
0eb530d0d,73
94ef8e44e,9
4f14ea184,74
1c3a7bc99,67
875d12d36,102
745cf5ce0,48
3333af434,80
495e8216f,46
8012c6779,103
df5392f38,4
aa2b95145,7
a44826a0e,53
c9db9600e,52
ef123cabd,67
52e436680,90
b20b97998,68
18abb30af,4
edf6883b2,97
fe40a3dae,45
ddc839a0f,0
997262689,48
5193214a6,73
d56664e9d,79
77767dd21,103
25b7cecbe,73
eef606ee4,80
c87d22df3,73
c652a7499,48
085b33a8f,102
cfebc1eb9,47
eaaeacd1c,73
c50fdc486,56
cd29fcb6b,50
f3c3215ff,52
94a240084,33
cbff5d0c1,48
14b239870,49
5376bd006,67
a3b63b1f7,22
529f2ee42,77
e75ba2d32,13
9b9dcd9c2,73
9ba7dcc7a,91
c0825b4f8,74
ad74613c8,73
05d03cdb2,4
e4c0f1e32,4
24bc6b404,73
651d0b2f9,7
1d3399cbf,98
ffcda7d10,53
da98b5bac,0
22cbf6e58,13
6144fcc9c,67
b1de2b162,103
9f905ae2b,51
7d32579d5,103
3ee4afec0,95
93f0dd7cc,75
85e11330f,75
a1b523d1e,73
72f51631f,73
0b619448f,103
cf3047df1,4
769f6fb8d,48
bc4b01a52,82
3ff1824db,53
be30d241b,67
0ea779a14,74
0c6b189f3,50
669487461,25
3eba562ed,62
6fbef3988,50
b62a1a945,14
9a3a414d4,7
4afd6043f,81
168f633fc,4
1ed9fc0aa,52
653dc3b58,10
57f693d04,48
f2cfe18dd,103
3a3274d90,68
5b1f12738,73
3e043e76d,53
e45e707db,14
e163f8333,68
34a95a94a,79
0e6c034cd,103
6180782c6,73
8f4e1b979,82
061e3b226,48
946ef4894,4
6ea2b0e7d,67
e1adf9362,10
d4362cb73,75
c874dbc71,73
7a7c505a8,79
ef591cabd,23
bd3518b92,50
9a970ddaf,93
18a0fa20c,82
9dec6e6da,10
ce6f860f1,81
eb0f37d39,103
3f4d7610c,14
d36d163c8,102
1507fc4a8,49
6e3303932,55
5906e9893,49
76311e00b,49
2e31631e4,73
7a26fec2c,67
2b1fb675f,46
23cce6771,82
e181cdda9,53
537f3aa34,86
869035e2d,68
5e7372874,67
a2e477d6f,102
cad6a0d66,53
735783bb8,82
690f1dea5,49
875d61521,45
6a69d191c,73
a7e869862,73
6129c13a7,49
69ed9d7a3,103
4d7e7b6cd,76
5bc1503a0,71
2451960a2,102
ce2745e96,10
62b5e80ae,69
4df5a7b4a,102
3f3cfc6e5,103
ac263553a,67
acc347bb6,4
43c7672d1,75
7cb805a4b,49
db4859b98,82
c3af619d3,0
c4c67ba42,67
38bc8b746,75
21608cb5b,14
7e85cac95,67
e079e7ca5,9
033f56581,49
bf8a78505,39
4dfa64964,70
48bf5c6c5,50
a7464ddab,0
f2d9b993d,76
e788cdf9b,83
656ea8ca7,53
6c0edcf33,76
b601d9f8e,28
3d0556ab9,67
024ecc6fb,77
e23369e1c,48
82e9c6954,50
1b4b7b0aa,103
19b55b489,25
3ef916a55,103
ad06e1507,73
82a37e873,103
08302b7a3,21
0a38b5a6f,13
1081dc395,64
d8346f57e,74
39bb94d66,51
0502ffb63,103
ae6b4c59b,103
29bfe409f,4
eecfcfd26,103
9ff26d18b,69
5edeca301,74
21a5f41f7,4
003b89961,49
8427d213c,75
ca865c4b0,40
ffccd38bb,71
4217c1328,14
f9a14ea8d,4
093f50986,7
e3bdad3bb,46
842be06bb,47
e7f0f1e63,57
caf89a8f1,58
8592e5ece,73
55603d86c,43
a53fc71a1,4
55683854c,57
85c84a176,60
eeb419776,102
4a42f34cc,79
32bcd07f0,103
8d5b79bb4,4
408db7399,53
0ec158f7a,78
ccdbfbc8c,10
e830a4d93,46
52232fe3f,49
760ce7b43,82
17c2e1b73,48
c48f8f050,13
babc5e002,67
a7855a3e3,103
8b2b9d6c0,73
a6ade9e09,28
e4e3d8a4f,80
60b3c1ec6,67
f4ac8bd6c,103
031a7c19c,74
5607b2020,73
658b73453,49
2b07811fb,83
480dbd0cb,90
1b0656451,12
12c03d834,56
237c95bc6,13
c8e30f4c4,94
bb5147a35,22
3081eb3d7,103
3edd04c83,58
2586669bc,48
964412965,67
1fc614660,49
2da61d102,64
2eaf291d2,14
50f33fc4a,73
463545278,73
386369977,95
d4bf7a89e,74
d35b47e60,0
b067fabd8,48
089c2739f,20
f99c51769,53
04ec1f692,4
2b9d54083,36
79cb3514c,102
0c56833c4,75
28f0909fc,75
f48aad6a7,75
68e87d794,48
f9f196acc,13
eaf19ec05,48
f34e6c4db,40
6dc57d8b3,90
691ff0015,87
577136af2,46
8801493cb,73
c87bbe155,13
6a9f813a1,49
e85121a2c,49
ee64fb7d1,73
a5d650b37,75
aef983095,4
fe824e9b2,52
f1e71c574,103
a76407bf8,30
1218dabe7,75
684a48f58,68
4c79f68f0,73
228540138,73
e7791dc5d,22
41f7c2604,4
9a8d29f7b,75
4b0320af7,48
5beab41c5,103
eb0a1b58b,57
2af766509,21
39327a0dd,103
95ab27ba4,67
26444f504,4
efdc65d2f,67
b32d80296,73
a1ae9344f,13
548fe4d32,80
63ac3780f,49
6be539abf,103
70cbc35a5,75
935518c47,47
40eda589a,102
061988edc,47
90bd4a9cf,67
4fc55f7bb,49
c9c4ad186,75
dc4a5c985,53
5c71c2638,48
2dba0571f,4
1beb4e8ef,103
b8c3f66cf,49
5112d23be,103
ea95803b6,0
03c4126b4,13
3ad81fa96,21
789e8506b,76
c01254e45,87
709d4aaac,67
0963e2956,8
4bfdec3b4,67
5f024c911,30
a17d53e19,0
019a2efb9,75
69c31f86a,10
420e4c39d,75
87f6a1325,73
6461cf7f3,28
a016dd653,49
7723a9059,73
938b2ff4f,75
4d8257f18,21
2ce1e0b6a,30
d483748e6,52
4546ad0cd,102
1f5a8d8c0,103
b9a264608,90
ead4c9659,67
b0d928a20,103
92b24e585,87
e7638c0a5,103
0b027c740,73
42fbaf02d,67
495523f05,12
81f2fa04d,50
ecfc076ab,73
b27c04f88,4
3beb40bce,7
95eaa8650,64
ee3c66211,53
9da5c57ef,56
6b5cf2a71,53
46d056d14,24
ad0d1c07b,13
e8add9fd5,103
14fe67e77,75
2c79f3a6b,74
a5f5634a7,75
509570780,4
c05075421,102
3714d19b7,64
151d03177,8
f880b1d01,73
63d72a8b5,43
36112c4bd,13
8ad5daf80,103
74ecc535b,102
3e3942656,102
5ee6cb24d,46
70e6b4f07,46
8a0b0f47a,9
804f7c7a6,48
8e9cb9e5f,67
5d4811c9b,67
e9928cf8f,67
170517f38,0
2575123f6,103
a4c653f29,48
76f661311,53
26f14822a,29
fb2895935,67
bb91e163e,102
53d1111f9,103
c6fdffb79,75
8bf87e69c,76
07b1b8c87,73
e9e0698f5,4
cf8ee02e6,50
3d087513e,0
bcbc0ec93,75
64a087667,80
70d37d23f,80
6c1e0dfda,13
7b1177392,77
0667667be,4
1ec665f37,50
74f1c073c,50
b96651b6a,29
b30719c82,75
b6559ddf2,103
b8a90ad87,62
b2d223ece,53
5e35708ec,74
fd6b80e18,7
23ea06b99,73
04a7f34aa,67
39c5bb98a,73
90b57e4a0,82
805888e57,78
fe30ebb03,4
dc4338093,24
b167313d0,103
10101e982,67
b72fe5b8d,29
e690ff8ae,67
383ce35cc,74
38d113afa,59
b83336a9f,67
7af3ecde3,64
dc40a9854,52
21ca80954,13
486d538e1,68
3599e2fbf,82
72848173f,49
96d8b0c1d,67
ec7f6d106,102
757866231,13
7790e656a,10
3d000dd19,47
110dac9f2,24
cce4b16f5,36
f1babf32a,4
902b5770f,59
f5e86abe9,53
2083b8669,67
916e18133,48
65a3a7b6d,73
a3d0ecd9e,73
e8a1d04f0,28
b0b810f90,47
ac67924f9,102
e2b90e868,74
3bb893d48,49
333118494,46
090a1154e,42
14ffc1505,40
2b5c4fa01,81
121fc6463,74
35b89eb8c,73
4c613566a,93
ad60c3571,50
ed0204f22,47
90e8d8225,102
284fc118f,48
fc6b8b594,70
d30f4ccaa,49
3653292ac,49
07b9edd52,93
ad27e607b,102
0cbc27679,102
ea755b7f6,53
e9a53e9fa,72
c7cd71880,72
a8e6d30e2,4
fda42498c,49
65c796a0b,48
c0a9efdcc,48
2a017a2ec,73
4ff54212e,88
9c3ca26e9,67
eac0fd0b9,67
ee6340fc0,67
5dac2f949,103
aae8b6cb7,73
0281e01e3,9
ebe718ae0,50
d1dacf9dd,103
467025843,53
0ef6a4923,14
99f5a507a,67
edca7ed7e,5
863e8afa4,103
f6f821392,4
72033968b,50
56cafc1c8,75
f281ef28e,47
f5a3fd7b5,53
abb27a80c,28
195bacee1,103
977ebbfb9,103
50b7b51b8,79
a9a1e0332,49
6b8d9d74d,49
f7ec97ce1,93
1777595a2,53
f424ad351,103
738af3f29,67
b80e5bddf,67
11e3afa83,103
e4bd15b11,73
ce0668511,53
00f05ea9e,4
3af79d01e,74
2194ed33a,73
2c061c902,0
caff65f31,48
8fc8f357e,10
8d94bd8b9,79
09cec0e8a,45
91275fda4,67
ff2ebb52f,61
467d1a4a4,81
36da5e9ca,53
c5f7f7fe3,4
e6135dd8f,67
6ee6d6c48,53
979be015f,70
f7890fb5d,71
5528db727,47
490efc553,77
18d6844a0,49
98038f676,76
4b2c0659e,4
7d0e16879,4
7b6d30721,22
b7c02d7c8,102
7059b2c59,73
465f2ddcf,103
2ca0a45cd,26
646e258ec,70
f6e9739ff,93
e9d6bf3cb,50
a11aaec4d,12
54419838d,53
53f2f97d2,51
16c791a6f,102
da6f46b28,45
2a40c5664,67
2a499fa40,74
cfbc79ec1,67
1bbceba89,14
698676b2c,94
f59c3ad7f,50
c0edbe84c,95
f0f2f3e0b,4
3b6e604d2,67
af3c7a24b,10
6c2ce6d90,48
8f206287b,48
e555f7ecd,103
d0411902b,67
c64eb3a36,75
433c9564f,94
d1e91d28a,93
da1b9b717,103
d4a2a2f29,76
a3a17500a,13
79f689862,103
0134f018d,35
8f7dafef1,47
ca1b7fcd6,73
0186b465f,49
5f729cf60,53
1226ffc63,73
8fe3eca19,103
c4c9b5dc4,49
8996126cf,48
4c0f2c1ad,45
597ea383e,49
5d171dcf7,102
aeb6e32ab,83
9123fc9c8,18
76dd2577e,73
674e50421,18
3be259713,53
5dd6b63d9,4
c62460407,76
c92684487,65
a1c8de469,73
56a71117b,78
ea36e1b93,103
7cc00d3bf,67
f21bd29f5,4
85d30d942,4
a3119fa46,73
35659b2ff,67
57d9b8302,4
a5b604f04,73
96df0c6bc,10
056767c8c,14
d1ae6b983,4
6759ac31a,0
131ea4f52,49
2bb868394,16
fb6d4648a,21
6dc1a03ed,7
afd56596f,4
e109f9b0a,4
757e27b6b,4
1706c5144,14
4591d2725,0
50c9fd635,49
19f18eb63,46
7b506b5bd,10
7a9de4b35,67
4a30cdae9,0
02055dd80,67
45610320d,7
57787a61a,93
fb78539c2,81
a7af85579,62
d9e7e7723,45
4dfea8574,4
fc8428025,49
7f7b2c732,49
f2a35c7cd,103
9d38f1232,10
202eabfc4,13
1e0d2fb87,59
914b0e71b,48
cc6a65411,56
7cb1fb42c,67
b8c434ee9,75
baa0d1cb2,88
394eed0ec,103
6abab3d7d,83
91398b8af,5
07b1b52f5,67
88621ac35,103
075d6bb86,80
23a5ec48b,98
b30ac7015,67
77e34e261,4
4dccae9a1,53
e3b0ff721,73
a1a26657a,75
3a1d5b5db,67
2cfc6468e,73
fdf61c313,56
d0a654445,73
64213e873,4
847402c34,0
ff67d505e,43
e83500196,4
c0dd27777,53
42e378280,73
d08d707db,48
d89e84047,67
c5c1962bb,49
98cb45c72,73
e11a7a42f,67
ac1af6f95,53
aa32d1bac,4
24d5596ef,103
2daf558c1,12
74d672d39,43
3f7a7e0d8,76
350182af5,67
a048044c1,102
9256e64b8,53
ebd098414,49
4a3bed1ab,67
ab905cacc,14
9a879fb6d,4
9304e605c,103
2cc73c0c9,67
a2e59aee8,67
6a9dcc24b,103
bbe2e7c64,51
501229169,50
4d88ed603,0
fb8be9bfa,67
018353f1c,53
2c7a32907,94
f7107a3a4,62
d7c723881,67
8e2bff6c6,48
a0bdfb2d3,21
fcebd07c5,10
e9471b958,76
f18556a22,103
7fe424fe7,4
0f0ccd222,73
ee19b7f65,67
547e41140,67
07a4b0444,75
38a3caf8b,74
7605a3733,79
18ed42876,71
0c8abe310,9
341eee5b2,94
218e61006,90
cfe404d71,49
19e07f757,42
63ed2755f,49
702cf1671,80
1e59b9929,37
f8b87bb44,73
ca050faf8,12
c210cba33,48
b45121ff1,48
5ea428031,82
991b607de,80
f9de43fb7,46
7beeb67c3,4
30e800167,103
72606e8f3,87
b125a5970,103
4479a460c,75
ee3c0e393,67
9ed125a83,49
14a804b2f,103
0d6befa42,49
3919d8ac5,56
6e4e60f69,75
ca1095668,68
5e69e6a8e,93
79f93fc6d,67
1d3f0519b,48
4208f72ba,103
69f5b082c,87
eedc4e2f1,49
36d4c70b5,103
47830a2a1,67
19b046852,103
9cd6277d4,101
6e979324c,93
fb532209f,46
1c0c4fa86,67
36444082b,52
2fe816ce2,13
e6c9612bf,50
993b3757b,49
4c8e7b1f5,67
052f7e154,53
6e16e769d,68
693fd2ef4,4
5e003d916,73
5ac5273a9,93
a1b4dc452,53
5e216ec7c,69
991294873,48
368d86c92,18
31dec703e,102
a666bcc36,103
e5540e0f5,48
6f238770e,62
73d04b4a0,67
06a271f97,47
baa4deee5,67
920247fd4,4
486248544,4
5c38776b4,103
80ab4469a,102
d75974136,73
2ef28fa69,4
f4684cdeb,67
874df1738,10
a18ae9e89,53
f85c3cd52,48
e56916c4c,49
eaa8b622b,73
37b17ad81,103
6c14532cd,52
0fde7a334,74
a35a4626f,102
77759374e,67
624196c26,67
2482d97e4,4
7ca677dde,67
85f511409,103
5f2c16024,12
f0da19dfd,79
2bd2ebfa9,4
23d5c512f,53
0b061eae3,67
441c13b73,73
bdb501796,4
c6326ffed,102
d1655f52d,103
95eb4c83a,70
832b85df9,67
de9010824,75
4028851f0,73
34d222c51,75
0a8a36c25,67
e60d33c82,75
b545ede10,74
38b48be78,88
3c36c119c,48
4194b2615,48
2c05dd6e0,103
17625283c,103
f735fb308,24
02d846418,4
89f3b6297,53
071eaaad4,90
fac4230e7,52
85b7e1897,103
6820bdfb3,67
56e37b524,67
da0a25a77,102
a68286bc6,48
832e7cf1f,36
42acf797c,75
c3ddcd12d,69
e68ff576e,75
e810fbb6b,93
a9855f136,4
4c91c2a8a,53
25004084c,103
eb71bcdf2,102
402023b27,90
8cd1b6545,24
0dc507ad4,48
f986f94f0,36
f51e1baf9,73
4a1d07383,49
29f4ab45c,102
2b47bed50,103
c86cce658,103
4698789b6,4
7f19952d4,53
4c6264df6,73
9fcb174b6,53
224416fdb,56
c87c12901,73
e2987599c,28
689eb9f68,49
b020fbff9,53
3daea4675,5
8965a61bc,49
33ee9899d,67
d9268cb57,37
ca1d1d65c,46
22a46a27e,29
e2194cc70,67
878bf09bf,103
5df38050a,75
5e2125e43,102
57d893ed7,55
cc256396d,67
5ec08d254,72
f5a7cbd09,22
fc13d942e,4
6ef0b83d0,61
48faecd45,77
dbb703916,5
315d0c65d,53
392443fe6,12
26a12de02,73
3ff83ac2a,67
a829407c3,7
c20b4c81f,18
c54530ff1,48
68d5dc3c5,53
d2cd8b9fe,49
9f3fabc70,47
5e166be69,82
5f1a08959,4
f985ee0da,53
9fb9a9e81,49
61290cc43,0
c701bae84,75
47f8f7372,49
6387659fd,73
c44d85f2f,1
5ca912390,102
31ee17f77,49
82316b58b,45
3dd4e386e,28
fcd2cb7e0,49
fb91caf96,7
313055a9e,74
3a81df4d4,64
1a9d0eae3,48
9d9605a15,48
e59f4958d,103
7dcc4ff7e,4
52dd86f38,47
ab3bcad5b,73
ff2804289,4
a21f6d452,49
db09a299b,102
476283f9c,48
979d4369b,65
7d759eb81,7
5a2911399,4
30ecc23d5,67
a78af18b7,67
40a956d5b,67
881336587,5
323884b26,30
cfc106ac3,67
f26f199fb,28
2a0a2ea23,103
d09882bb8,49
435e0f59b,50
f99834b3e,90
d4c799460,90
da176437c,87
32a1d9f65,40
91212615a,103
6021f47e4,102
139aad8b2,79
c2b3daa2a,25
623b64d19,11
6d48de3df,49
06cf3311a,48
e207a9c22,49
cc9d66275,65
b241ccc78,0
b845a0f00,50
abc1d37b6,82
cf787b891,29
97dbf9d67,13
c0e7198e2,50
654504abb,67
abac36cc0,49
7e3369c19,48
d46919710,70
c51ad1704,76
a13d3dfa4,73
405a7d77a,53
b0f5721ca,103
1b4edfea8,88
581ead9fe,72
7d1005a2c,26
67dbffd24,45
465fca558,87
1289609e3,102
1cd461407,1
c96004e94,35
5699993e6,14
251a8d95d,53
41230fe49,49
754eab3b5,73
1e8c44cbe,13
8c5e0c760,4
7f5479556,75
51d113f3a,48
2c7ce5049,49
9e7925f1b,49
1ef426390,4
64f9d993b,58
02073dfee,91
2072cd9f3,77
e6ec47b1d,48
5fab0c048,53
1dae04aa5,10
d7a9e0691,53
e955870c5,45
618ded9bc,40
63e2e3e4f,75
becdc1364,73
ac8d33b0e,103
3816dac91,73
831348989,102
d7388a066,4
cd16a306c,82
9e99e1332,73
62a682a26,17
1da642ca9,103
3b7c11d3e,103
cb3ba4df2,50
ed087f460,95
48526fccb,70
a859410aa,73
a24932259,4
f0fd3d741,94
53b2da1bf,103
f89a5307c,43
7f4520e95,80
25e5d12e0,67
40ff0c11f,50
9cb5c3012,8
99617ebe0,73
298ade3a4,49
8361401fa,45
3522d5b4e,47
f65475a24,48
ce3c158fa,74
c785abe6f,7
9b9c0e574,69
b9e60ac3b,67
dfc9c6a23,103
52a88af32,28
0b9afbdf2,14
78dbf0e31,103
8a952300f,46
f267d94cc,73
8097bc805,76
478e21c30,73
6e4cea791,4
f1184530f,4
2f9bf2b8a,88
a51abdf4f,53
ff889e23b,74
8f76524a3,96
c245c24bd,59
0cf6cceda,87
d95bb7f70,46
6e08cae12,67
0f33f1ca9,103
70d635915,82
85f57ce0b,103
367f0d3ab,79
09780bc52,64
7efb877f1,95
0c3928144,67
69e41bdea,49
0039e54f0,73
2df00f8e9,75
ef31624e8,30
f969c00cd,4
53be7448d,67
fa612d18c,76
319090100,80
e6dc466d6,14
a6db70773,4
ec60dee71,53
27bf39b00,49
5d3f635c6,73
a0925df64,102
1f244d315,102
212081efd,86
37bd7591f,67
30eaaa6c9,87
67056dfa6,75
cd4b41085,58
960cb8c40,75
f2cb54027,10
4abefc989,9
2cb2c881e,67
165378703,57
7dd20f99e,85
1dc234d6d,48
3cb2f9e9c,0
f351a6e43,73
45655caf4,80
6521bc49e,67
9a4c23eeb,48
add649c7d,71
26d1f0e73,53
cc9cd7803,0
50de80a98,67
8257df18f,53
8c102e395,81
54f73d67c,14
ba9e33af2,83
36b0477d7,49
cbb2dd81a,73
dcbd123a6,46
e58b03040,77
705344bd8,13
814e0e21e,10
a91426ca4,7
141fe61d6,9
44d4d79f1,49
e203d6713,71
c7dad9e04,48
8af7864d3,73
7b3780a82,75
f670aa5ac,36
15f331c1c,103
9a4b0da88,4
d25115245,49
b547b5949,103
75d255458,95
8e2b5a31b,0
c92860c63,48
0b1ddcd93,75
ff30e8b96,26
e7393ca3b,75
1c39926e6,103
2eb1d2313,67
0dd7f1f16,30
53ef32294,80
8846a7457,4
cd27460a9,0
662f8bc0f,68
50a645c94,4
0e62ddf15,4
88be303e1,7
2f4c11e66,51
a2606d96b,50
2cdb115b6,14
370fe09fa,4
6ca8991a6,102
c0de46b28,50
05b14593a,48
bfcb81efc,50
4ea1d0d52,53
7799eb3ef,48
8fcb4c7e3,91
e161af94b,103
01492b421,93
0d613de49,48
4f363e9db,103
b52dcfa52,49
466f28358,103
743c74763,16
f84335116,40
4bfdf517d,80
237fe1fb0,48
cb5c98667,48
6bb4e9d41,48
250f30059,103
37822e7db,70
fc7c304b6,49
90452c872,4
2abdb1c5c,47
4d9a5c0d6,50
e48737634,103
fd168583e,4
559dc9594,22
8c8ffc7cf,67
316c28a80,40
5ff57970a,13
dd1e506e4,4
6dbeff852,46
5252bf766,102
0e8760c38,103
f696ea622,43
fe590ee52,87
6cf753c72,102
0a4ddf5c2,72
6285f24d7,75
9dc89dc6a,67
9bf7190d6,8
adacc3a94,82
8794f7787,16
c5fda34e8,14
dde1f48c9,9
811add27f,102
58605ff84,73
fbc29acc1,4
9eac41e56,67
74fdf6cc8,53
ed43b8e78,102
0b624f751,67
82fdb1afd,75
54281d31a,13
eec53fb8d,81
526449d16,91
ab3210eac,75
e91cb4f98,7
4e9ed92fe,73
f14b84f95,43
9b1d44428,67
15b77ba34,75
b87d8fec4,13
f78d35dfd,4
f250dd64e,4
cd703e25f,53
4d8731d6a,103
6db87048e,73
d6f707315,47
87c39a44d,74
5ecc1c8bc,67
4bc218fab,73
e6609d48b,0
26806e9cf,73
527da06dd,53
274f4bd2e,73
cecc8c55b,71
dd959de66,36
bfdf112fe,89
228f748d6,82
e33bff353,4
38ea80b60,81
7ba1904a2,75
db9eca137,12
bf3116d78,82
910b97274,10
affce3819,50
2f4739680,14
0a7989f52,79
5b9de4b19,80
2a94eba93,73
0fdf5073b,103
339430425,67
06006e0c9,0
b23e435d9,73
a73efac60,81
ef9591f3f,103
892426d11,73
25405d6c9,63
ee2b50aed,22
f92de8523,103
a1ecb0622,67
c6ce2c1ae,4
e80ddeb7a,49
4d1ef02af,57
b2b4ffcd2,72
0b3a02b48,49
2688f98e3,12
9ec15c151,79
2f0224a9f,4
92e74b080,47
da2d9bde4,103
98e5cf2d2,73
9a1c7e11a,53
083c5dcc2,10
44c94e8b0,67
af70c8cc6,48
f5277593f,4
147e5ef99,46
3accec78a,102
366a3d04f,48
a6e0df6f5,4
dd4a193be,9
b2104558a,103
eec3f5ce2,73
81c8c5199,4
a8efc4d66,73
12b48d46f,70
6308fe124,4
23e50dcaf,24
2fa8f8b85,67
b1ab363dd,103
e34772216,48
3b71397a9,88
aa12729de,47
d0e21eef7,13
776074cae,103
88e6ef51c,46
43fdb00da,4
ca0113f84,1
f90c673f8,49
7c3055bc8,36
65bc00f77,73
c3ae73094,74
5586807d4,102
80acbf30b,73
9d13c547a,49
b983a51bd,103
6a0b33f79,73
06ad3fc5c,102
529e8c1cc,67
e56f9fd6f,4
d7d866216,73
18377be3f,18
688223573,57
63348128c,103
dd754aab9,75
5aafe07bf,4
e8d193a43,35
7e4a5d836,82
51493dac7,13
5ff30ec8b,71
49292d94c,49
32a2079ff,49
3bf2347ab,53
289e5b823,77
217fbb923,103
93cdaddc1,57
801d0d3c3,75
4a122e0ad,4
80468179b,46
d93bfff1d,67
b145fd2da,87
3744d58d1,21
babf57037,75
a567d4a59,67
648319d0a,67
ad6d4b44d,73
68b83ad56,4
3cd423fb6,47
675e1db7e,48
f33705a47,4
6899ceaca,73
764a3885f,74
03ac6694b,64
46f943627,46
462eb88e2,4
8d2b32b02,53
f35bfd300,45
9a55c6f1b,52
fe1fcc972,53
c83825f6f,72
a99ec466c,102
903bde9b1,49
62a7c181d,73
f58d7487e,62
69a8e84ba,75
54b444711,4
870b7fc50,49
5da84086e,58
94c8329af,10
d615fd16c,49
4c1941cfc,53
da6606b4f,49
4f1f1670a,102
ef9f75d12,43
9ed93a956,73
dacefb140,82
665bfe8f5,102
9121b3849,48
679f0dac7,47
362fbf850,67
5fccfc9b5,48
211c90566,75
4abe117e7,94
94da0ee7f,102
5e0cdf39d,93
6bd4a7ab4,75
065817704,10
b339d0a61,103
3b9e7a8f5,95
725cc0c4a,95
89c19cf37,67
317c8b0f1,4
8e5430d77,82
10c4c8d44,59
47aa985a8,62
71cc05cc3,67
75540546f,73
7949b71c3,67
13ae95d53,75
c1553af6a,67
1972bae11,90
3eb77db12,73
af2a02abc,74
8fe181d94,49
613831ee6,47
1d88115ad,53
4fde9d58f,48
38f3a40a5,103
b5cc43bfa,102
1c4ad0e13,0
303979023,73
666d25d39,103
826712f91,103
3dc7bb76a,46
6251c33ea,79
f6482ab55,102
6f84aa228,52
dca3a0787,102
026d342fe,67
fef98a71f,73
7d2f35248,73
35a08a010,4
f09cc7902,49
878e5d725,53
c223fc7dd,103
0fa462f68,4
f50280136,57
477aa8655,68
500c28291,62
3267460df,48
db8b6aeda,103
fbfd9cd87,78
2a872a9ef,16
b3541d83a,80
eae09f119,103
2ccf28e9f,71
943eef63e,42
59265d2fa,103
f347c4666,72
c4970c739,67
c46b163d8,40
07f8cc8ca,48
84fece524,102
38faa7eb9,46
5de6bcf29,50
f83f81e9c,73
38b929b8d,16
9428dd133,49
e1494fbde,82
e69fde9d7,4
afac3a5b7,49
ba4caa600,49
328aba75f,1
216703083,45
3c4dd2705,68
3ca2ee97f,91
7d6edd6f1,91
c2fe4e836,26
894eeb28d,49
527fe834f,14
d14992eb2,72
245d80d97,0
6581fb5fb,4
c0fb3bed8,73
35dbda91b,49
94e8795c1,47
cc055150c,73
587e9b784,53
c5f4134e0,73
ad85435d5,67
0509887de,21
15a4485d5,49
8cf5bf4df,90
b651d313e,96
7b38f9919,49
6fe85feee,16
3b3341edb,22
04f9e9721,49
7a8a88b42,4
1e73b74aa,103
483a8e2d8,73
b4a235b93,13
d1eebfd7a,75
317b22963,67
57a2e8995,102
ef65f22fb,87
98fae1d61,52
7927ce9c6,73
aeaf5ccbb,77
088864629,102
850acae7e,103
92cf0e905,76
00c12e4ff,49
cbe14bd98,49
9b9e080c5,72
ba32fd161,75
b04f7be54,24
fba0bb7e1,68
ba757db32,73
5ce48d24d,76
da9ed562f,103
11b363237,53
4cf202ebb,53
03e5f5846,48
329793680,102
161acbde6,4
a991b14c8,75
f3ee3f7ef,73
fbfd88b1c,49
f029a3429,48
e82bb0f6b,57
02c52b451,4
2449b5518,102
be06b31f4,53
f7034380f,70
d5888b919,4
61b1040d7,47
68cd38577,74
f6ec8db9e,4
26d1c3498,8
a2d9d460e,43
86c0fdb4c,67
3288217e1,87
8b5155f07,48
029c37998,22
c298d16b3,73
37a4efb7a,53
7796dda43,55
805e9a7b0,4
6a29fea52,73
2d1ee50cd,73
a6e295583,78
e1e5687f0,4
e4cac2e07,67
d4bfe24fb,48
516ef6822,103
f509e2cff,0
dc5ba9ff5,79
8ef339ee7,102
b909de36d,77
9d051fef4,71
eb0d37eab,13
4249b8e73,49
bcd77e220,5
582a4afd0,47
3f39dac7f,1
9390e29ac,47
0835292c7,0
5f8f53f23,48
69930f05d,53
7a2a38d8f,13
2f57d711b,4
6dbf25622,103
97beecd94,72
343f4db58,67
a5eab308b,87
30bfe5b05,67
5b9059868,59
d3ad608e8,41
0847f61d9,73
3231b476a,47
cd009e1a0,13
92d447000,49
609230590,49
2e211accd,53
f85f090f3,67
06846ff3d,50
d57064ac3,75
15bcf0bc5,79
437e2a9cf,102
a02dbf1a3,21
9d65f5961,103
54eb01070,67
1914b6245,67
ae3a8a68d,13
ec15f805f,50
1eb6f22d5,48
1161f79f4,13
d01f39daf,0
6f6009530,28
154f5a75b,75
27c74d8a8,73
c67210c70,4
8c026ccfa,74
52491f753,103
675aad8ff,13
47e7d602c,68
b45b3f474,62
cdcb45570,73
f66e3a446,30
c25141a41,50
6ea1e9ac0,49
7b38952f6,86
58df72bc0,13
9ca5d93d0,4
abaee2413,78
12fdb3200,49
c359190d8,48
71d39517b,59
0e5ddc603,75
f1b51e257,56
789e0279f,24
2c3a35bfd,67
79245d0e9,10
929ac8834,49
25b587ccf,4
7cac453ad,71
76ad6cdd7,5
baf415f07,72
4e8b618c7,49
a2d7f197c,75
79c44e828,103
a007c4ce7,36
2b71757d7,36
d6fba1863,49
da0416b3b,13
14024c433,73
edc4d0f73,80
ce2335977,82
bc2795b7c,48
0fdb2e372,73
27c66fcb0,102
d2ce72fe0,71
500ac8bc6,12
b448720a0,49
b382fd54c,90
dbe5bf31d,102
bfda38c44,48
cf087fd47,4
b30c2d7fb,67
14d3647ae,73
4244d98b7,4
3ba519bb8,103
e9294bac5,49
2c73bd62a,4
e7bda0661,73
2406dc526,81
2d6826d81,75
4091cbb29,0
212497b97,93
d01d8d2fd,95
0c4cc8319,13
0608f2ec0,4
1d0cc3798,102
a1d2cd9b9,73
d4afbe85d,13
a7ab2ef02,53
9333ee3f5,73
f2defaf74,49
fe6889fe9,84
2e478a3cb,94
42105b5fb,43
23e9b2025,53
e71ef6701,4
b5fd14fbf,74
3f36a62d5,98
b687e4bd9,75
035d2bcd9,103
528c13be5,75
2c9dc020d,18
fd5eb7e8c,0
5eab13f01,53
74eb03c19,43
b7ecbd370,4
2c670a497,67
4ae7d6827,101
4a506053f,75
da76579e7,78
98b1475af,49
7d1794961,47
f938b8711,103
96112131f,37
3526d7815,75
950a866ca,4
bf16e0cb8,49
40d992dc1,49
6433f1917,67
3f36f3f32,0
85c997028,80
3bef19347,102
34438649b,87
b41a52def,14
557900fde,103
99b3a15e5,49
3feba0f46,68
8303a6784,102
e33d3b318,36
a1f8b0936,53
c12330d34,73
1e2c7b899,5
3acfb71f1,67
56737d31f,67
9ae160f11,91
d8a5ce5ff,48
523dfab06,103
4612e397b,4
ea602cdc8,14
3c401022c,73
d8d29bcf8,43
a7b95dad7,103
92782ef45,102
6d7b4a632,48
f2a6cb1f9,97
77d850f7e,73
9944acf36,50
543a799bf,59
b82a2a3d4,49
1b474b251,81
3f7fa081c,74
bfa9dec26,4
5a33a8adb,0
2bec0d2ea,103
45a702ee8,62
e46dce22e,37
6f9686457,53
ada0d1354,59
92a289926,102
f7457839f,67
9409f8d69,88
9154cfc20,4
78bd1cad3,0
1a2ba059a,11
67873d67d,73
f552eaaed,102
cc98ccc8d,4
45093c3fd,75
117122b38,72
83c2057bc,49
92aea1584,58
a781c6147,102
e1f2ff623,103
2a18f7ed4,73
d81c315b3,48
1886b234a,4
1aacc5bb7,49
0950aa4c0,0
3dd3823ba,14
53fb48abe,102
a3535e355,53
c1d072b0f,83
4434ef42e,73
a42065058,103
bd1b3d191,49
d9e1e54c4,4
e64bd2b5f,29
fab4eca91,73
0862d460f,67
531165006,103
8967f7f3b,10
909b6223b,8
61e87e199,73
f73a6bda6,83
fe195b05f,0
725611911,40
1a751ac8b,73
27aa48f60,49
21a0ef857,102
0e1199571,4
266ae8451,67
8d4598be0,48
cb80e17f2,55
a8d7d90ae,67
e71ab3905,49
544ba8771,4
9367b53dc,50
812b38844,103
491331146,48
209e45144,49
471609fe8,102
8226b3a56,50
263d09ca7,102
8e6591362,102
086d87731,48
139b1d751,53
bd0d92568,72
a0d752238,50
261838dd1,75
b0b2364f5,4
fe2c0a711,4
d70fac2cf,77
67fa9ad3f,4
8ce0043be,11
c18a20c3d,47
315a148f3,0
f8bffd3d7,102
3ebeb5ac6,36
4a41ae5e8,61
3070b77cf,55
d0a99b293,67
e3d055215,24
e964c6dcd,93
28f52a866,50
5e287a0e3,103
1fb364cd2,47
e69beeff1,49
d0f992c31,45
c980fa8a5,67
d8c46cf4b,67
2309219de,43
151e1bb21,49
9eaf1170e,0
565242c3b,48
d08be28c6,62
d7e737749,73
f302f29a2,45
eea95e8a8,103
c0e30a258,62
dc9af495b,49
78a91fc04,93
20cbfadeb,49
6473786a6,103
185f4651e,82
d852da76f,102
c3bcd37c1,7
6d8432929,49
032ca1556,4
9b7ad01b5,102
8c5ae49a8,4
b6ef5389e,75
32bd3826f,56
922e45d33,67
343bdb4b8,76
4149127b2,86
1bff5085b,67
3070a069b,73
51507f7ff,50
63a4aed70,50
8f7809cb4,74
e6c3f8ec8,72
0416248e8,103
8a81276fa,14
a29efa0f2,53
fc4e189da,4
2a0a14e04,49
0d97ef626,0
82c248395,47
43a84d203,18
bad7b9ba0,49
f38fe4cef,103
9f2d4991f,53
64581ef78,102
fac7af031,75
acc377b86,87
b9bae6b0e,13
a8de792e9,4
b134d8c5d,4
523ec62fa,13
f1deb3cc1,102
4e4504ced,94
fb02c411b,94
0555a95db,4
aa8eef48e,73
42ed99f8b,67
073a72a81,73
1d03ab65a,103
1329c5b4a,67
70501f63a,49
bac490985,67
431a635c0,62
218ffc7c9,13
351f462dc,73
d6e9bc323,13
64027156d,67
e6f327757,73
3863b7205,49
8404dd232,79
4719dfcaa,75
23f7b7a7a,102
abb6d81d5,77
733de405f,4
47f7f9a06,102
459adb9c4,72
c9d5ec522,75
884593f79,70
97b161e96,67
45a36938c,50
d974a8a25,69
383e2e03e,14
452ec84b6,11
b6a36c182,67
410641125,35
ad77c781f,73
6e7b662f3,102
1e26604ea,21
e69a97f86,47
110f7428e,49
3406f987f,67
04bc5ff61,68
985c8a491,60
05ef686b7,102
56c86b9c0,4
dd102e397,73
1dbaa5744,13
be1b79939,4
e69ddc9c5,56
4bd5d4982,52
90a369187,0
618ad631e,75
20048b328,18
0e4cdf053,12
69a2f544d,88
c8d684975,30
10c568a02,73
ef7856a23,103
6b57e5a58,103
c8c92b3d1,49
f88f94471,77
77a987385,80
7cc60fb22,13
e881c39e6,52
d853b843c,14
9fd265646,28
baf87d0e3,74
e44de523d,75
95d50723d,91
9000b5760,82
c4a376520,93
6bff70a64,30
f7eede84e,78
9d7b004b2,67
80abd878b,102
2d10d39ba,67
f2c6cb2b4,22
b25c080d9,102
f92ea03e2,64
24cc36b04,95
83e64f32f,46
afd01aca5,73
1c7354786,4
28ee705b7,49
88fdcd071,49
392019a2c,4
5345fc847,103
a959c7034,73
6f12632ac,9
d782603ae,49
3e7ae2503,4
35e87cd85,52
e752f8dfa,67
aec93bbc4,53
c3c540406,14
385bb724a,102
40752b008,103
2cd58674e,48
1abc6d06e,73
1be394776,48
ecdb603e1,4
6e3716497,9
1f2621b4c,49
407df102a,40
5a7f69e51,90
dc77fccc8,7
b3cf1a86f,90
630ddb37f,75
9416364da,69
f7fd08c1a,73
690f47487,103
53a6ecdc4,48
96cc54a3b,94
ad9aa2ae2,73
30c74817b,91
847ffdf2c,14
6de9b2572,45
b99ddd49b,45
37377ab6b,53
f8326b046,18
509965df0,48
1e9cf8264,16
6e1842cc3,75
629436111,76
c0ebfe98e,24
4afd54574,43
6abdbbd7d,4
4580f61bb,102
3e17385dc,68
9556bf430,73
817066a16,4
6348a7b61,67
20e92f82d,102
75dbc2c81,69
48e65f113,49
ab35917f7,73
7f01686f7,73
8919d694f,49
0dbbde2b4,103
37dea321a,80
488cd2512,73
e39fc5430,36
724560f8b,48
086fcc48c,48
42f1496d8,4
563f7b16f,0
7cff9aa7b,67
90bb2bf7c,75
47499b166,68
735b3631b,75
8e8f25c31,87
deb571149,43
64dfb8137,74
d50341097,70
492569251,88
6aae558ae,80
bf7e00572,4
3c525cead,72
b104b01c3,9
75bbc4353,4
9deaf95b1,14
fbc1f1f89,49
ebd745005,13
f796dac32,80
5a2c8645d,10
994db92ae,49
e53134336,67
282e04df1,48
1dc077696,78
a7756b411,53
a94c4d821,80
d66f375db,73
cad0e063f,73
fef2b59d5,4
c09ec978c,4
5a83e84af,76
0a383f1bb,75
3353b9bda,50
4bfdc5664,0
f0e0f2a32,101
e799e6e75,4
d15a4d94c,49
dd7ae60d1,55
58bb4ddb2,67
37cb79b63,103
b52d8f0a2,47
e028101c5,14
93178e5ac,48
adb78b73b,48
16b00a5d5,48
78235a81d,73
2aba48b93,83
bfefa1d73,57
343a80f91,50
fef9f8524,78
45bd6ecd8,101
c4727766b,4
f9dcd69e3,67
8361e9b86,49
cc7981c1e,49
b8612fa45,75
d08960735,73
57c274565,67
057112f09,68
4e65f53bb,13
0ef6541f9,32
9980474e3,49
101551fbc,45
1c30e72d1,73
c8bff789b,36
a534b0f16,74
4b86a4171,67
3b932fbd0,73
e269805f6,76
450dd240e,94
f67795cc5,73
ff9c8d8ee,14
52171b028,73
e7b039312,88
24ef54ca8,49
f3c989c3c,46
4e1eb807f,36
cecb3fe1c,75
cb22250ca,73
7be31a9a0,67
e7d33e06f,79
9403b3f86,68
4a9e8f7f7,4
067c659b5,103
01c00d9c8,53
014809654,93
fe6da2049,29
f62d1e472,103
8695f4633,52
5bc0988c2,9
cc16ab1ba,75
0a117eab6,39
61f3da6ae,55
e3fc821ef,84
8b5aa768a,75
6abbdbbe4,76
0ce7adbea,73
b731c25d6,57
45c23ce20,49
c931dc74c,88
8fe41c548,53
a07779d6c,49
f3a8be142,87
fa1a492ed,5
1b426a50d,4
d8f1c6f49,72
c7acfdba4,53
2f2b2a1f9,95
1600cce78,10
be007fe7e,93
8168ee82a,102
6036f3641,73
d9d483387,4
5a5cc97ec,87
7cae1c547,55
0a63cce73,103
9dfd91c6f,67
fdaf286c6,49
e3fb7b8e0,10
9f80ffecd,53
71c31d4be,4
a82ca5b13,12
cc446554a,102
a6bda1044,32
0e7c4c272,57
fd3fb66f0,103
fd311eab7,103
7257ec39b,75
1c074bd0f,67
3d6f46c76,16
d90f33907,87
1e793aadc,4
a7f5360e0,4
3d5479aca,68
4a608f8ad,49
599713c6f,4
d753dc261,67
a76840623,102
065c9b5be,59
79272fffe,74
701d4ac2f,24
29ee6d680,53
e2aef08ca,4
4b8a4a3da,14
0497c3265,93
7514c8182,49
4134d5714,70
d665d6a8c,80
fe1857f3f,73
b5eb21e9c,102
08ffacb06,73
c1f7fad28,53
778808485,0
f80f02286,79
d0007cc98,13
361e308e0,76
9c1a396f9,14
13fff11ed,70
ac869f858,47
cb9adc4aa,103
8175828ef,47
ad494795d,9
3dd834459,49
9ada0d093,93
9edb00dfd,49
e26d85d35,67
fc70a3b37,95
bcb18c6e4,4
b6fbcbacb,53
dc8dc1ad0,103
9e9dda9fe,72
c762253a3,49
9b444719b,102
f6d873abc,76
fc601ec84,86
504ce2b94,4
db789a901,4
74bec8798,4
1e155978a,103
e3542e88d,53
1fe55a939,74
fd3bba010,62
5752ad3e2,40
f69e60044,4
5fbdf775d,49
8cccd4aa7,4
0e5e79e60,11
8f04c2207,30
88c6b5f1d,102
9af5f572d,9
5934fec49,13
38765c6bd,103
2f29a2a9c,73
12d007adc,91
510743b2b,73
67ecf7563,73
43df50ed0,79
16ad94559,102
8024a233d,67
7f4a2f594,13
5fedd16b9,75
f63a9b6fa,52
4fa22a6e4,64
6b1551121,78
ddb556ab6,64
debf90490,4
4bb5a49ca,36
c2b8d96b7,4
7c2d22784,43
444a5e9fe,67
063528d00,67
7ebeaec30,94
61b28f8bc,47
ec55c0f86,4
5924c5e47,50
385906707,48
ec3f90c05,67
7cb5e6b99,50
09a438bae,9
f6f3f541d,91
bd439cf5e,53
358cb6a28,73
b79cf00ff,69
21d31d208,48
fd88bb2c5,73
f638a96fd,4
f91c76038,75
c3f6cd0e0,28
9f5e5ec3f,4
2e0dbcfbb,103
2ffc025ec,67
656f4c5dd,77
df8c1c48b,56
b24b4ecc1,75
1e954dd4c,102
98e101a61,13
9b7918a64,94
3c425da53,94
d29cd9c2a,67
d4c65214c,76
fee9f7c67,49
41a9e2617,4
a3355967c,73
36c7c4a64,90
73b47d713,103
55da8e5b5,87
8ab688113,75
b080d20f2,103
8eed96f65,50
47664da16,73
c9ae3ceea,103
3680129ae,101
97ccf888c,103
00450d304,46
aaa8e6d3d,70
dd9f61326,48
96109449d,67
0db5748ed,4
e8aba010f,74
258ff457c,102
7698bb454,46
025960a54,79
a01133fe3,102
459d3299b,4
ee40fc4e5,75
aee5c9b93,47
9dac30b0c,47
d278a4f7a,49
7d0e7bbd2,73
01262c8b3,67
1fa6772be,0
d4ab600c2,73
e1f685853,73
fb85ca687,67
6a273ddf9,68
bd3464591,73
a3d8cc563,16
efd7dff01,50
8a66bd5fb,49
82d5f6620,4
6eb8b8e84,13
70ef6d8bc,57
7012b4533,53
4cd75e21f,45
61ceb0f5b,75
916ee9985,9
4787424e6,5
2a5df761d,76
711216a77,73
d482c8cf2,4
3901d45a9,4
0045ce94c,67
af4d8f92b,83
285e0bc7e,0
84b9be4d6,103
028852549,102
1ca3b1ec9,67
fe7857419,48
cfcd57260,69
92debc194,72
f35bba490,48
004b88e09,103
70077ecb9,83
77fbaf59a,64
d3d08e737,67
a9f0935ed,49
c7d865058,48
b0f2342ea,86
318d049f2,49
62728ae3b,73
71c57f5bf,14
818253773,94
7fad74e0f,28
197830e87,8
2cb6d8130,67
6022f99db,21
9011dddde,82
53622739f,72
b37712a07,14
2a69fa3a2,82
6f725ddd0,75
57b0ac4e3,41
a030b3e71,103
496bb2adb,49
8b4dab7c3,49
e925b2ba5,67
ae61e912f,14
5d0b6dc90,49
3d3dbb521,67
fabc19e97,73
1bbcb152a,14
b10193db4,75
7a512bfa0,67
a94f6dde1,46
edc4bea12,102
80e758118,56
9dfc925a1,80
388606357,75
cb225cfe6,74
179aa8d61,45
4831ae48a,46
08031b106,53
7165bc7ad,77
91ed2728b,102
4d0229802,4
31e5dda95,67
53d9b87f7,103
cbbc6e017,69
5c597c7e1,79
3a17f07b0,18
990ca8dc7,73
fea37b294,13
487a6f05e,9
91433794a,7
b7aca2c8a,0
00a7a6244,74
6c123c407,82
8304d7230,49
9e4dee17e,7
36af4c914,103
419424bb9,18
3cf641526,0
88de21f46,55
1caf8b7dc,64
70be85fb4,50
8d36d1fd7,7
b0c17d5c1,102
8c66b87c8,7
71c381469,49
ef6a25c92,49
bf6653e3f,67
89ea4a518,67
a4f827652,13
67a4a4d91,23
ac63c6d38,29
a1c45a1eb,76
8cee8b405,102
a7fcb3749,52
54d263a8d,4
32863f792,4
aead648e4,73
4342207cf,67
21c09e349,46
f7f77acb9,49
1ef2e4de1,4
08820c254,103
c22e3bf9f,32
7677ecd51,4
681e2b154,93
57bbb106e,49
10f4c026f,40
20ac1c597,46
a0d5a99e0,53
96993f959,67
c5ab18c87,47
6c4b066af,4
c753eb6c0,9
f809ac529,75
2e494a369,70
728a12444,74
c3565844a,102
c8baf7ea1,90
db95e1a99,48
b9feb1bca,93
b846a9ee6,78
de996c4a9,42
d3777d5cb,71
6bf3d86a6,47
4cf56a9f2,4
d71ba33b6,67
5ec9553ea,79
ab78481b6,103
9a6a82b59,46
bf9e90a5c,67
d17ef4e5e,67
8745560e0,82
67eb6bb6d,67
12fb0107d,72
bc4c39336,64
98f577627,49
960b40f5f,4
7f6076e29,67
ec80c1413,67
d6cd39e5b,91
da4a55d56,26
ea85ab37b,14
82856ba28,50
b72ac95bc,67
610314687,102
9d44bd787,4
dc4f97c9d,4
2dfc47c2c,67
be3a7698e,103
a475599ad,14
98dcdf215,73
7eed3c569,49
e0151da58,91
2d9284433,49
3dc8e9edf,73
8429cc1ab,73
3fddc8eeb,4
d86ebd20a,4
773cb6978,10
508c39bfa,49
a43f7fc0e,49
b0f5e118c,103
4a9a2ca92,103
710ee21be,102
8c17a992a,48
224d2ad17,75
99536c670,103
37771fa98,67
f5ae2d10f,46
69d14fa3b,91
ea0b66dd1,60
2a69bcce9,45
0b5c8e646,73
a00b723d8,43
4a98c96c1,67
47f7fcd87,50
139bec7ca,29
7e53bd3db,103
623270c63,70
7b6429c7f,59
db0c2006b,28
856565e67,71
756c7c9c6,53
c3d234832,46
7d7a8baeb,103
64a8fad00,75
40073bdcc,67
e1b3d72dd,67
e88d42b8b,71
ecf64f4f9,75
503c5b1ab,75
7eaa17466,4
b9204c339,103
302e11bd2,67
109a722a1,49
1e28c6a4e,90
b273a1ca7,73
8d195e4db,73
b86044a66,34
d18e36dce,103
4a530e1c1,80
c232077ef,103
36c65119a,62
50df03fb2,103
0422f8181,12
272457fe0,75
79c33f52d,52
59f5594d7,13
6c51e020f,47
117831b8b,80
ae331a500,67
d913c762d,83
3d4a5ad3e,79
269695569,56
0693e839e,47
62eba5d4f,102
c2ad42df9,48
d0cd8ecb5,13
6a664ced1,73
d7d655c8d,14
b3acfed2e,103
7089f8683,75
fa0d9a392,83
5d375ac61,4
83b0ea85f,13
8c39d1b41,33
f9d24e47a,10
e24d7d290,73
c55a2af2f,103
7a8d95cdd,74
f0f7be744,10
2b91acd3b,52
89ef3a121,49
35eb134af,49
787c185b9,67
934408cfe,4
68510e311,102
1a993f386,72
250f0fa92,48
504e1695d,102
4c4fda276,103
56cfcf9da,82
822b2880f,102
d85ac7942,14
c1c9a86db,71
dc2ff7073,94
3c1645928,13
3756769b5,82
e4f8cae75,43
ce60e5f2a,57
93c15dc29,52
c071b59c2,67
e6798651a,50
6c95b6248,78
cddf33a9c,75
7153f9700,75
7f71b69e8,75
71c1f0507,4
7b6338bee,71
3da7aadde,73
c180f1160,80
32d9fa7d1,71
154896ab2,81
0072f64ea,49
bb298dcc5,43
932aeb630,102
2429cadb3,49
fe9040ec8,67
b67bdf3d5,13
b91ced576,73
64923375e,87
fc220624a,18
eb478b7cb,73
b7f261913,73
d390d32c0,4
1f342e690,103
b78e121dc,103
250af268e,103
103a4a0e6,67
7dc21298b,0
2bddd2904,73
c70d94083,49
2d46aba06,102
4fd1724de,73
f4dd28145,43
97dfe0bfb,67
e95ce8077,13
06a1a191b,49
a1ca4c928,4
06f00d362,1
155f68180,64
fa43f67ed,103
69bdf9905,24
6959092b7,102
3f6b5757a,48
7e23f7ad1,4
80d50c469,13
764a98598,102
055ca7ae5,67
fbc9ef0f9,62
cfdf97182,87
b868bcb9b,103
ed1e5c7aa,75
d1511e64f,28
b7882444e,53
3552b2954,67
d30a6e9e5,43
7cdae8d89,4
570029ba3,49
a85a06d9b,75
41163300a,91
bbbc5f9a8,82
37b58af62,12
1a40b279c,4
039b15a83,49
983130c4a,93
ebc7ae3b0,73
81bb11926,11
79e573478,79
206696cbf,13
28c5b096e,97
57abd6d16,80
3ba0b4f6f,73
60c188245,67
7c9adc043,56
54b876ff5,7
5574a3c79,75
1f0642fd4,82
7e1f50feb,73
2c302c916,35
797d44519,102
5bf457360,50
f718d5fff,102
8228ed988,68
d062630fd,11
7e5967223,4
83bd193a6,93
f3b8a1077,73
51b1f6a59,73
c3bab1104,0
b2cdea1bc,4
1ce1a7e34,49
9a6716090,67
57f44a56f,16
885d5d2ef,93
c354e0d67,50
82b0ce34b,67
41c27b630,73
f2f66f2c0,73
d8f64062f,53
3d99a3247,102
c0b653e38,48
0d7eab0ce,70
bd6b0dfac,48
75e80fdfe,67
4ea7f54f5,91
562b2d688,59
815b552f8,49
db0212bef,14
93b56e886,103
1b7916b63,102
2c54bc2fb,80
d5d2c10fb,55
73356bf2d,49
078233359,50
ea6121903,103
d06bf1078,73
8893d08a2,30
b9e513369,73
0999994cd,24
6a099e4a7,45
2557c29c7,61
e45a03866,73
0af1026b6,13
f5da36491,4
6db4781a7,46
aeb1a52fc,51
5d35e5409,82
d12bd1d03,49
916834e2b,75
db2bf0488,42
10b54687f,45
e80bee440,90
7c10f4b8b,76
ea32570af,13
c27d9c294,91
043666ac5,53
6b9570949,82
2e7d74e55,24
78c19e86d,49
48689d750,58
6429d59a3,16
ed429fccf,49
89e147dd6,102
941dde56a,102
88ab1aed7,103
a5b6a29c8,59
064a230b7,102
8482cd4e5,73
816ea6eb9,53
0b9edd8f9,70
2b4605245,29
393d8efdd,67
1363038b9,74
d0b48815a,73
943e13c28,103
66574442d,18
aaafbe4e9,16
eb4bacc7c,5
2ec187152,16
048596edf,53
f157a3c6b,49
d8f81ecea,4
f21f7aba6,10
8a223576f,67
2ae165ee8,76
c1e7e7867,76
1f38d6778,75
9264502a9,57
03c54f05f,67
b1391f097,47
43382559c,0
35b87f500,69
f033adb55,72
88226300c,98
cd3c07f1e,53
a91c62b42,30
08c3da1cd,72
ca9c4b1e1,4
08a78ffc3,72
4d42fbb18,4
5c76c7057,52
9e011c986,67
377abf496,76
f69355cc5,75
0535ccb68,67
a0dfbd411,76
ff6213278,11
f0dc59c83,8
f5207be25,67
11ed4fed5,4
377240bbd,73
bcd68e6b2,52
34aceeacc,40
83abaef21,103
ed849ee3c,101
f58f83775,93
d34eabf31,67
3eaf5a947,67
36d0c85f4,47
214121cb3,87
bb9565c29,11
69af53dca,48
30802b47e,67
5227d80bf,90
947bca713,72
5f274a6ad,103
4a03138df,49
bf9efeb37,67
fe1669ffd,75
9e421d059,103
5a86ac765,13
8c59b2b7f,49
5f84c75f9,7
4cf1de29a,103
9dfb86d81,48
d8909ecab,0
7db44032e,46
8e75c9098,90
eed177624,67
bb1e822e8,0
b2004fc1c,103
3b518d13b,73
0571dcc03,103
41cbb748c,102
01597bbec,48
816ada493,53
0b2640e87,73
04721ef43,53
ce72a44fe,49
df01d58ca,80
2a60639ba,67
4d20e5f0e,29
226ff375e,103
436f2b8f1,88
e72ba29c5,74
9c64cb14d,67
7b1e459ef,53
f8aff0cd2,55
02b01a158,73
b8c82be3f,48
fb9a6a9b5,67
9d98f7c9e,103
2e7fad027,10
9a6e4aacd,67
f811b7fa3,9
f9eb9c412,4
374452b3b,24
c6774c8ab,102
07f85cd68,71
0c7c4d0a7,4
6953f8992,43
5c66ca3ec,80
3a391563c,5
888fb3305,72
792e61b1e,49
c63df66ce,28
434079379,75
44903b337,103
767a87c4e,52
149c9e414,103
84a3027c3,79
42d890962,35
a6e42d0ec,56
4198fad68,55
142929b13,102
01a3fdd52,69
b0e07a930,80
f87390b13,67
7de565519,79
14d0bc36e,87
1d49676bf,48
ff5d4568e,4
c6bb832b3,0
fd5cd4e2c,73
e98492667,76
911c029b5,24
f76006728,10
4ba2dc197,29
fd1ebe8cb,102
36f394d24,73
fb67e5172,102
337187c30,67
8af4a8896,91
d20e60a1f,73
671ad3443,67
b8bfa2b50,13
797da59fa,103
878cb5b42,79
7ac6f5ed5,4
b52c3c500,88
39b18554c,49
897e8e24d,53
c93ecfaeb,73
23ea13205,9
536c83e57,4
7e2ed4d52,73
9a167fc40,103
8b293a45c,82
875858dad,4
8f7576edf,103
6ba2f9b54,13
b0d0e7cd7,59
aaef221e7,48
45ad763cc,1
9e87cc8f0,10
369e356df,13
66cf381b9,48
f938ff523,29
1fe1115ee,102
6b47e8357,73
a4d628083,50
c1e39ffe4,4
4e933f65c,14
5b89103cf,73
0ed0741d4,53
f78eecf21,103
9cb714943,67
2e21540ac,20
7d3786848,67
f8933e5d2,103
76bb433ee,88
40fc0d8ba,50
a6ad089f9,47
41ffad9d1,76
26914358f,14
a4cd1d43c,67
aa118cbeb,102
a21a2c1b2,102
0cf33d505,49
f0f7de90c,87
6af290ef5,79
80ceb515c,70
44af20a55,73
fd44aaefd,102
631f04e66,48
2a158f54c,4
6273f48ef,90
d5ccfad53,49
76e3166a8,102
29c460e2b,45
3875d3601,40
a5d4584c3,4
ab6404be4,4
055988ad2,14
c404b8c8e,79
deb71b934,48
500c6294c,53
cd86aac5a,4
785f14a23,4
8bae211d3,7
9ca216086,49
e256b0ce1,67
f95d4b24c,65
6162cab31,56
486715238,7
dc5498af1,73
9d4d22004,68
c5d48fbbf,67
c2ddc15a6,80
e34bf0fa4,49
a024aee0f,13
2a608c0db,103
0cfca4a37,46
c199140c3,28
d82a21bbd,93
47f47a868,80
589fe7959,102
f9c931893,53
27c1d078f,68
d6c7e918e,73
18c7b92b8,14
b9b88996b,94
e46998f4d,48
523df966b,102
e86e2a592,62
